ts,equity
2026-05-11 00:00:00,1000000.0
2026-05-11 00:15:00,1000000.0
2026-05-11 00:30:00,1000000.0
2026-05-11 00:45:00,1000000.0
2026-05-11 01:00:00,1000000.0
2026-05-11 01:15:00,1000000.0
2026-05-11 01:30:00,1000000.0
2026-05-11 01:45:00,1000000.0
2026-05-11 02:00:00,1000000.0
2026-05-11 02:15:00,1000000.0
2026-05-11 02:30:00,1000000.0
2026-05-11 02:45:00,1000000.0
2026-05-11 03:00:00,1000000.0
2026-05-11 03:15:00,1000000.0
2026-05-11 03:30:00,1000000.0
2026-05-11 03:45:00,1000000.0
2026-05-11 04:00:00,1000000.0
2026-05-11 04:15:00,1000000.0
2026-05-11 04:30:00,1000000.0
2026-05-11 04:45:00,1000000.0
2026-05-11 05:00:00,1000000.0
2026-05-11 05:15:00,1000000.0
2026-05-11 05:30:00,1000000.0
2026-05-11 05:45:00,1000000.0
2026-05-11 06:00:00,1000000.0
2026-05-11 06:15:00,1000000.0
2026-05-11 06:30:00,1000000.0
2026-05-11 06:45:00,1000000.0
2026-05-11 07:00:00,1000000.0
2026-05-11 07:15:00,1000000.0
2026-05-11 07:30:00,1000000.0
2026-05-11 07:45:00,1000000.0
2026-05-11 08:00:00,1000000.0
2026-05-11 08:15:00,1000000.0
2026-05-11 08:30:00,1000000.0
2026-05-11 08:45:00,1000000.0
2026-05-11 09:00:00,1000000.0
2026-05-11 09:15:00,1000000.0
2026-05-11 09:30:00,1000000.0
2026-05-11 09:45:00,1000000.0
2026-05-11 10:00:00,1000000.0
2026-05-11 10:15:00,1000000.0
2026-05-11 10:30:00,1000000.0
2026-05-11 10:45:00,1000000.0
2026-05-11 11:00:00,1000000.0
2026-05-11 11:15:00,1000000.0
2026-05-11 11:30:00,1000000.0
2026-05-11 11:45:00,1000000.0
2026-05-11 12:00:00,1000000.0
2026-05-11 12:15:00,1000000.0
2026-05-11 12:30:00,1000000.0
2026-05-11 12:45:00,1000000.0
2026-05-11 13:00:00,1000000.0
2026-05-11 13:15:00,1000000.0
2026-05-11 13:30:00,1000000.0
2026-05-11 13:45:00,1000000.0
2026-05-11 14:00:00,1000000.0
2026-05-11 14:15:00,1000000.0
2026-05-11 14:30:00,1000000.0
2026-05-11 14:45:00,1000000.0
2026-05-11 15:00:00,1000000.0
2026-05-11 15:15:00,1000000.0
2026-05-11 15:30:00,1000000.0
2026-05-11 15:45:00,1000000.0
2026-05-11 16:00:00,1000000.0
2026-05-11 16:15:00,1000000.0
2026-05-11 16:30:00,1000000.0
2026-05-11 16:45:00,1000000.0
2026-05-11 17:00:00,1000000.0
2026-05-11 17:15:00,1000000.0
2026-05-11 17:30:00,1000000.0
2026-05-11 17:45:00,1000000.0
2026-05-11 18:00:00,1000000.0
2026-05-11 18:15:00,1000000.0
2026-05-11 18:30:00,1000000.0
2026-05-11 18:45:00,1000000.0
2026-05-11 19:00:00,1000000.0
2026-05-11 19:15:00,1000000.0
2026-05-11 19:30:00,1000000.0
2026-05-11 19:45:00,1000000.0
2026-05-11 20:00:00,1000000.0
2026-05-11 20:15:00,1000000.0
2026-05-11 20:30:00,1000000.0
2026-05-11 20:45:00,1000000.0
2026-05-11 21:00:00,1000000.0
2026-05-11 21:15:00,1000000.0
2026-05-11 21:30:00,1000000.0
2026-05-11 21:45:00,1000000.0
2026-05-11 22:00:00,1000000.0
2026-05-11 22:15:00,1000000.0
2026-05-11 22:30:00,1000000.0
2026-05-11 22:45:00,1000000.0
2026-05-11 23:00:00,1000000.0
2026-05-11 23:15:00,1000000.0
2026-05-11 23:30:00,1000000.0
2026-05-11 23:45:00,1000000.0
2026-05-12 00:00:00,1000000.0
2026-05-12 00:15:00,1000000.0
2026-05-12 00:30:00,1000000.0
2026-05-12 00:45:00,1000000.0
2026-05-12 01:00:00,1000000.0
2026-05-12 01:15:00,1000000.0
2026-05-12 01:30:00,1000000.0
2026-05-12 01:45:00,1000000.0
2026-05-12 02:00:00,1000000.0
2026-05-12 02:15:00,1000000.0
2026-05-12 02:30:00,1000000.0
2026-05-12 02:45:00,1000000.0
2026-05-12 03:00:00,1000000.0
2026-05-12 03:15:00,1000000.0
2026-05-12 03:30:00,1000000.0
2026-05-12 03:45:00,1000000.0
2026-05-12 04:00:00,1000000.0
2026-05-12 04:15:00,1000000.0
2026-05-12 04:30:00,1000000.0
2026-05-12 04:45:00,1000000.0
2026-05-12 05:00:00,1000000.0
2026-05-12 05:15:00,1000000.0
2026-05-12 05:30:00,1000000.0
2026-05-12 05:45:00,1000000.0
2026-05-12 06:00:00,1000000.0
2026-05-12 06:15:00,999970.4971546276
2026-05-12 06:30:00,999367.1234079719
2026-05-12 06:45:00,998342.5264796888
2026-05-12 07:00:00,997306.5451410913
2026-05-12 07:15:00,997272.3919101486
2026-05-12 07:30:00,995485.0394908105
2026-05-12 07:45:00,995206.819490385
2026-05-12 08:00:00,992562.6713173593
2026-05-12 08:15:00,994802.0656031505
2026-05-12 08:30:00,993191.4694844076
2026-05-12 08:45:00,996388.8491979566
2026-05-12 09:00:00,995918.1904448497
2026-05-12 09:15:00,996667.8665642304
2026-05-12 09:30:00,996556.9043763041
2026-05-12 09:45:00,996434.8117818141
2026-05-12 10:00:00,996744.4931427368
2026-05-12 10:15:00,998039.8150089746
2026-05-12 10:30:00,997178.4423787121
2026-05-12 10:45:00,995817.8783442824
2026-05-12 11:00:00,995616.8292005473
2026-05-12 11:15:00,996145.1166398791
2026-05-12 11:30:00,997996.7343403327
2026-05-12 11:45:00,996856.4713456713
2026-05-12 12:00:00,996239.6649100151
2026-05-12 12:15:00,996110.0581471329
2026-05-12 12:30:00,996210.541186549
2026-05-12 12:45:00,997846.3354102343
2026-05-12 13:00:00,994754.3689300035
2026-05-12 13:15:00,993757.2447008004
2026-05-12 13:30:00,992763.1293886874
2026-05-12 13:45:00,991967.6893125986
2026-05-12 14:00:00,995595.7553412782
2026-05-12 14:15:00,995221.2844430653
2026-05-12 14:30:00,994830.2172485822
2026-05-12 14:45:00,994940.3181116795
2026-05-12 15:00:00,992110.0937551013
2026-05-12 15:15:00,990226.0454733652
2026-05-12 15:30:00,993664.7007723766
2026-05-12 15:45:00,994260.5880389409
2026-05-12 16:00:00,995220.55012011
2026-05-12 16:15:00,994222.3382506259
2026-05-12 16:30:00,993495.8835827739
2026-05-12 16:45:00,993343.055368362
2026-05-12 17:00:00,993582.8346196158
2026-05-12 17:15:00,993834.7602924374
2026-05-12 17:30:00,993819.025320999
2026-05-12 17:45:00,994214.3437630311
2026-05-12 18:00:00,994305.6730492967
2026-05-12 18:15:00,995551.4600304795
2026-05-12 18:30:00,996316.6724941497
2026-05-12 18:45:00,997322.7607200467
2026-05-12 19:00:00,998267.6667761299
2026-05-12 19:15:00,998039.9785698449
2026-05-12 19:30:00,998506.7393927292
2026-05-12 19:45:00,998233.5135451874
2026-05-12 20:00:00,998176.591493616
2026-05-12 20:15:00,997948.9032873308
2026-05-12 20:30:00,997852.1357996595
2026-05-12 20:45:00,998210.7447245587
2026-05-12 21:00:00,997943.2110821736
2026-05-12 21:15:00,998199.3603142443
2026-05-12 21:30:00,998279.0511864442
2026-05-12 21:45:00,998119.6694420446
2026-05-12 22:00:00,998005.8253389022
2026-05-12 22:15:00,998222.1291348729
2026-05-12 22:30:00,998244.8979555015
2026-05-12 22:45:00,998214.220693471
2026-05-12 23:00:00,998214.220693471
2026-05-12 23:15:00,998214.220693471
2026-05-12 23:30:00,998214.220693471
2026-05-12 23:45:00,998214.220693471
2026-05-13 00:00:00,998214.220693471
2026-05-13 00:15:00,998214.220693471
2026-05-13 00:30:00,998214.220693471
2026-05-13 00:45:00,998214.220693471
2026-05-13 01:00:00,998214.220693471
2026-05-13 01:15:00,998214.220693471
2026-05-13 01:30:00,998214.220693471
2026-05-13 01:45:00,998214.220693471
2026-05-13 02:00:00,998214.220693471
2026-05-13 02:15:00,998214.220693471
2026-05-13 02:30:00,998214.220693471
2026-05-13 02:45:00,998214.220693471
2026-05-13 03:00:00,998214.220693471
2026-05-13 03:15:00,998214.220693471
2026-05-13 03:30:00,998214.220693471
2026-05-13 03:45:00,998214.220693471
2026-05-13 04:00:00,998214.220693471
2026-05-13 04:15:00,998214.220693471
2026-05-13 04:30:00,998214.220693471
2026-05-13 04:45:00,998214.220693471
2026-05-13 05:00:00,998214.220693471
2026-05-13 05:15:00,998214.220693471
2026-05-13 05:30:00,998214.220693471
2026-05-13 05:45:00,998214.220693471
2026-05-13 06:00:00,998210.5259023865
2026-05-13 06:15:00,998212.8498627493
2026-05-13 06:30:00,998146.5397620408
2026-05-13 06:45:00,997941.4030856047
2026-05-13 07:00:00,996295.8575285157
2026-05-13 07:15:00,996264.2853362457
2026-05-13 07:30:00,996735.2696524127
2026-05-13 07:45:00,996593.1392340448
2026-05-13 08:00:00,995763.6785256504
2026-05-13 08:15:00,995713.0324509019
2026-05-13 08:30:00,995147.1397392428
2026-05-13 08:45:00,994346.1475606097
2026-05-13 09:00:00,994286.1425757458
2026-05-13 09:15:00,993877.3985574726
2026-05-13 09:30:00,994290.3287123498
2026-05-13 09:45:00,996924.889287691
2026-05-13 10:00:00,994280.7953386982
2026-05-13 10:15:00,994953.4828837727
2026-05-13 10:30:00,996864.4006700744
2026-05-13 10:45:00,995862.5206214084
2026-05-13 11:00:00,995677.0373624566
2026-05-13 11:15:00,995661.8898657348
2026-05-13 11:30:00,995487.3882738878
2026-05-13 11:45:00,994040.2403635413
2026-05-13 12:00:00,994941.0052781064
2026-05-13 12:15:00,990668.7728076171
2026-05-13 12:30:00,991174.9573015
2026-05-13 12:45:00,989955.666265726
2026-05-13 13:00:00,991370.5544050679
2026-05-13 13:15:00,991476.5255347507
2026-05-13 13:30:00,995299.3323990144
2026-05-13 13:45:00,995948.4842468834
2026-05-13 14:00:00,997262.9442074077
2026-05-13 14:15:00,997094.6850805606
2026-05-13 14:30:00,994693.6956159534
2026-05-13 14:45:00,996832.0652709132
2026-05-13 15:00:00,996978.4611263036
2026-05-13 15:15:00,998680.2146666239
2026-05-13 15:30:00,1000069.625469417
2026-05-13 15:45:00,999958.6334271942
2026-05-13 16:00:00,1000171.0264139596
2026-05-13 16:15:00,999995.9981068807
2026-05-13 16:30:00,999804.0312832524
2026-05-13 16:45:00,999744.3120248836
2026-05-13 17:00:00,999847.3375334666
2026-05-13 17:15:00,999929.6683653778
2026-05-13 17:30:00,999909.8002516069
2026-05-13 17:45:00,999854.9741438172
2026-05-13 18:00:00,999877.4906590285
2026-05-13 18:15:00,999867.0917580262
2026-05-13 18:30:00,999454.9761458576
2026-05-13 18:45:00,999583.9627815471
2026-05-13 19:00:00,1000894.2092360968
2026-05-13 19:15:00,1001329.8244559997
2026-05-13 19:30:00,1001905.4379156083
2026-05-13 19:45:00,1001594.320601333
2026-05-13 20:00:00,1001511.6815359608
2026-05-13 20:15:00,1001334.8882714693
2026-05-13 20:30:00,1001900.9447757865
2026-05-13 20:45:00,1001150.9712534177
2026-05-13 21:00:00,1000808.4273941672
2026-05-13 21:15:00,1001142.6662056354
2026-05-13 21:30:00,1001074.0300906486
2026-05-13 21:45:00,1001332.2210429395
2026-05-13 22:00:00,1001553.2170036534
2026-05-13 22:15:00,1002020.4140037551
2026-05-13 22:30:00,1001918.6228059733
2026-05-13 22:45:00,1001756.5410779547
2026-05-13 23:00:00,1001836.2386644401
2026-05-13 23:15:00,1001761.3681202758
2026-05-13 23:30:00,1001520.7327163274
2026-05-13 23:45:00,1001565.5141401591
2026-05-14 00:00:00,1001465.369417523
2026-05-14 00:15:00,1001466.6782550806
2026-05-14 00:30:00,1001296.261716369
2026-05-14 00:45:00,1001472.7575425766
2026-05-14 01:00:00,1001349.2731968998
2026-05-14 01:15:00,1001294.7179286757
2026-05-14 01:30:00,1001229.2516068069
2026-05-14 01:45:00,1000912.8310511077
2026-05-14 02:00:00,1000989.2084266215
2026-05-14 02:15:00,1001065.5858021349
2026-05-14 02:30:00,1001174.6963385831
2026-05-14 02:45:00,1001196.5184458725
2026-05-14 03:00:00,1000967.3863193322
2026-05-14 03:15:00,1001316.5400359654
2026-05-14 03:30:00,1000967.3863193322
2026-05-14 03:45:00,1000803.7205146602
2026-05-14 04:00:00,1001654.7826989539
2026-05-14 04:15:00,1001687.5158598886
2026-05-14 04:30:00,1001826.984910554
2026-05-14 04:45:00,1001826.984910554
2026-05-14 05:00:00,1001826.984910554
2026-05-14 05:15:00,1001826.984910554
2026-05-14 05:30:00,1001826.984910554
2026-05-14 05:45:00,1001826.984910554
2026-05-14 06:00:00,1001826.984910554
2026-05-14 06:15:00,1001826.984910554
2026-05-14 06:30:00,1001826.984910554
2026-05-14 06:45:00,1001826.984910554
2026-05-14 07:00:00,1001825.9792427644
2026-05-14 07:15:00,1001829.0202152785
2026-05-14 07:30:00,1001823.7856158342
2026-05-14 07:45:00,1001751.2124253626
2026-05-14 08:00:00,1003401.2635753698
2026-05-14 08:15:00,1003632.3673804317
2026-05-14 08:30:00,1003343.6237411716
2026-05-14 08:45:00,1003844.0768194846
2026-05-14 09:00:00,1003840.660813246
2026-05-14 09:15:00,1003844.9282610535
2026-05-14 09:30:00,1003849.6963084285
2026-05-14 09:45:00,1003847.6481509857
2026-05-14 10:00:00,1003844.3917580887
2026-05-14 10:15:00,1003845.6541367793
2026-05-14 10:30:00,1003770.4575516686
2026-05-14 10:45:00,1003510.1044165711
2026-05-14 11:00:00,1003231.7999924998
2026-05-14 11:15:00,1002763.0633159758
2026-05-14 11:30:00,1002657.7081061428
2026-05-14 11:45:00,1002579.361915844
2026-05-14 12:00:00,1005971.4756462524
2026-05-14 12:15:00,1004590.2946152235
2026-05-14 12:30:00,1002837.2135870885
2026-05-14 12:45:00,1003565.4519869077
2026-05-14 13:00:00,1003437.8446801396
2026-05-14 13:15:00,1002876.0393234589
2026-05-14 13:30:00,996497.7179313621
2026-05-14 13:45:00,995100.417604016
2026-05-14 14:00:00,1000582.8747663891
2026-05-14 14:15:00,1000120.3070873941
2026-05-14 14:30:00,998385.448700865
2026-05-14 14:45:00,992677.4084224817
2026-05-14 15:00:00,990784.0719051836
2026-05-14 15:15:00,991117.2046651564
2026-05-14 15:30:00,992893.1883362011
2026-05-14 15:45:00,992579.1445234228
2026-05-14 16:00:00,990829.6016847496
2026-05-14 16:15:00,989414.5839911393
2026-05-14 16:30:00,987476.2376133361
2026-05-14 16:45:00,988609.6213042034
2026-05-14 17:00:00,987825.0811126505
2026-05-14 17:15:00,986900.3789792154
2026-05-14 17:30:00,987918.145913336
2026-05-14 17:45:00,987301.7687065081
2026-05-14 18:00:00,986348.8043055424
2026-05-14 18:15:00,986090.6060241025
2026-05-14 18:30:00,984980.5586874755
2026-05-14 18:45:00,986303.097581538
2026-05-14 19:00:00,986470.0726964421
2026-05-14 19:15:00,986734.0682947307
2026-05-14 19:30:00,985671.1472184358
2026-05-14 19:45:00,987323.9763109679
2026-05-14 20:00:00,986933.4184143575
2026-05-14 20:15:00,987676.3736573939
2026-05-14 20:30:00,987374.8142561335
2026-05-14 20:45:00,988523.5046695323
2026-05-14 21:00:00,988397.4819168923
2026-05-14 21:15:00,988215.5719976765
2026-05-14 21:30:00,987985.3339392424
2026-05-14 21:45:00,988591.3972793219
2026-05-14 22:00:00,988712.1113616907
2026-05-14 22:15:00,988742.4659091942
2026-05-14 22:30:00,988803.1750042016
2026-05-14 22:45:00,988806.9693226395
2026-05-14 23:00:00,987907.715852844
2026-05-14 23:15:00,988123.9920038076
2026-05-14 23:30:00,988742.4659091942
2026-05-14 23:45:00,988158.140869749
2026-05-15 00:00:00,987938.0704003477
2026-05-15 00:15:00,987976.0135847271
2026-05-15 00:30:00,987213.3555786978
2026-05-15 00:45:00,987288.7487200171
2026-05-15 01:00:00,987014.0443448505
2026-05-15 01:15:00,985126.8173985576
2026-05-15 01:30:00,985841.1235195486
2026-05-15 01:45:00,984927.9993921504
2026-05-15 02:00:00,985239.2162366564
2026-05-15 02:15:00,985650.2464791007
2026-05-15 02:30:00,986303.2215795116
2026-05-15 02:45:00,986301.1689388994
2026-05-15 03:00:00,985940.3149919137
2026-05-15 03:15:00,986204.2169710423
2026-05-15 03:30:00,986091.5485364543
2026-05-15 03:45:00,985968.6168988053
2026-05-15 04:00:00,985796.1308912714
2026-05-15 04:15:00,985187.1741644823
2026-05-15 04:30:00,984154.0211958125
2026-05-15 04:45:00,983679.9596212606
2026-05-15 05:00:00,980950.9545734277
2026-05-15 05:15:00,982186.1393076674
2026-05-15 05:30:00,982368.4320578771
2026-05-15 05:45:00,980425.046067974
2026-05-15 06:00:00,984897.5232310162
2026-05-15 06:15:00,982968.7337110232
2026-05-15 06:30:00,982507.0742641613
2026-05-15 06:45:00,978481.1522846671
2026-05-15 07:00:00,984080.4537058264
2026-05-15 07:15:00,983343.8184426784
2026-05-15 07:30:00,982889.8081850752
2026-05-15 07:45:00,981310.249434564
2026-05-15 08:00:00,979735.4992846422
2026-05-15 08:15:00,979442.7295895648
2026-05-15 08:30:00,980619.8262871514
2026-05-15 08:45:00,980965.6533190622
2026-05-15 09:00:00,975180.8806121665
2026-05-15 09:15:00,976599.4496872339
2026-05-15 09:30:00,975045.6918677461
2026-05-15 09:45:00,977751.193869671
2026-05-15 10:00:00,981722.5034799454
2026-05-15 10:15:00,982781.53975594
2026-05-15 10:30:00,985486.4331747912
2026-05-15 10:45:00,985382.5293264663
2026-05-15 11:00:00,985529.2302852417
2026-05-15 11:15:00,984053.9825704712
2026-05-15 11:30:00,981063.3928389153
2026-05-15 11:45:00,981046.468520431
2026-05-15 12:00:00,978866.9740901407
2026-05-15 12:15:00,978255.1933520818
2026-05-15 12:30:00,975710.9919883851
2026-05-15 12:45:00,978868.8038674665
2026-05-15 13:00:00,979194.4199093585
2026-05-15 13:15:00,978948.6484742941
2026-05-15 13:30:00,976644.9137388204
2026-05-15 13:45:00,978291.3195958043
2026-05-15 14:00:00,978954.3215556548
2026-05-15 14:15:00,980805.5760439709
2026-05-15 14:30:00,981139.9524944843
2026-05-15 14:45:00,980087.7865673277
2026-05-15 15:00:00,980091.1244253808
2026-05-15 15:15:00,977931.598073617
2026-05-15 15:30:00,978593.2601644503
2026-05-15 15:45:00,980867.597738204
2026-05-15 16:00:00,980731.1094428721
2026-05-15 16:15:00,981831.4959927242
2026-05-15 16:30:00,984792.5417652815
2026-05-15 16:45:00,984391.7446012709
2026-05-15 17:00:00,985574.034523549
2026-05-15 17:15:00,983873.6876325028
2026-05-15 17:30:00,983693.8345966864
2026-05-15 17:45:00,983535.2203781533
2026-05-15 18:00:00,983446.4742645934
2026-05-15 18:15:00,983126.1492303495
2026-05-15 18:30:00,983118.7940523874
2026-05-15 18:45:00,983133.7368924016
2026-05-15 19:00:00,983124.2847092198
2026-05-15 19:15:00,983127.7141544175
2026-05-15 19:30:00,983126.8824762043
2026-05-15 19:45:00,983147.8525284008
2026-05-15 20:00:00,983164.5972507712
2026-05-15 20:15:00,983160.0030609188
2026-05-15 20:30:00,983175.9161921816
2026-05-15 20:45:00,983104.8104052321
2026-05-15 21:00:00,983104.8104052321
2026-05-17 21:00:00,983107.8216871185
2026-05-17 21:15:00,983106.7575248154
2026-05-17 21:30:00,983110.7994996248
2026-05-17 21:45:00,983121.7294471173
2026-05-17 22:00:00,983155.9991167932
2026-05-17 22:15:00,983167.986428186
2026-05-17 22:30:00,983186.0904357231
2026-05-17 22:45:00,983172.9986942442
2026-05-17 23:00:00,983140.5197214292
2026-05-17 23:15:00,983151.214860627
2026-05-17 23:30:00,983131.4832902483
2026-05-17 23:45:00,983134.5997157901
2026-05-18 00:00:00,983136.2093818393
2026-05-18 00:15:00,983145.61682304
2026-05-18 00:30:00,983125.0366522653
2026-05-18 00:45:00,983125.0366522653
2026-05-18 01:00:00,983125.0366522653
2026-05-18 01:15:00,983125.0366522653
2026-05-18 01:30:00,983125.0366522653
2026-05-18 01:45:00,983125.0366522653
2026-05-18 02:00:00,983125.0366522653
2026-05-18 02:15:00,983125.0366522653
2026-05-18 02:30:00,983125.0366522653
2026-05-18 02:45:00,983125.0366522653
2026-05-18 03:00:00,983125.0366522653
2026-05-18 03:15:00,983125.0366522653
2026-05-18 03:30:00,983022.3330498087
2026-05-18 03:45:00,981218.0774531838
2026-05-18 04:00:00,980579.4029057062
2026-05-18 04:15:00,981928.6028872532
2026-05-18 04:30:00,982631.1448894789
2026-05-18 04:45:00,982495.4265481392
2026-05-18 05:00:00,983030.3164816522
2026-05-18 05:15:00,983158.0513911479
2026-05-18 05:30:00,983301.75316433
2026-05-18 05:45:00,982535.3437073571
2026-05-18 06:00:00,981976.5034783144
2026-05-18 06:15:00,981840.7851369746
2026-05-18 06:30:00,980651.2537922972
2026-05-18 06:45:00,980323.9330867155
2026-05-18 07:00:00,979820.9768805769
2026-05-18 07:15:00,981042.4419526276
2026-05-18 07:30:00,980962.6076341926
2026-05-18 07:45:00,980786.9721336369
2026-05-18 08:00:00,980858.8230202278
2026-05-18 08:15:00,980978.5744978801
2026-05-18 08:30:00,980253.7730874701
2026-05-18 08:45:00,979365.5273617831
2026-05-18 09:00:00,981194.8469558804
2026-05-18 09:15:00,981265.3816353078
2026-05-18 09:30:00,981808.9441907185
2026-05-18 09:45:00,982260.847603983
2026-05-18 10:00:00,982384.5375622495
2026-05-18 10:15:00,981909.0381307474
2026-05-18 10:30:00,983377.7523667077
2026-05-18 10:45:00,986495.320146072
2026-05-18 11:00:00,985421.7532147649
2026-05-18 11:15:00,985249.8960950146
2026-05-18 11:30:00,981495.5595548565
2026-05-18 11:45:00,981942.0817653025
2026-05-18 12:00:00,980443.9415539539
2026-05-18 12:15:00,979639.0182510151
2026-05-18 12:30:00,979014.9314679257
2026-05-18 12:45:00,980975.7065247706
2026-05-18 13:00:00,980972.0007105224
2026-05-18 13:15:00,980575.5902740541
2026-05-18 13:30:00,982974.1955214741
2026-05-18 13:45:00,981684.3830839273
2026-05-18 14:00:00,982676.4736429359
2026-05-18 14:15:00,981445.7500170618
2026-05-18 14:30:00,981973.32490536
2026-05-18 14:45:00,983012.9085515767
2026-05-18 15:00:00,982789.7374789126
2026-05-18 15:15:00,982752.4111667242
2026-05-18 15:30:00,980386.6985571043
2026-05-18 15:45:00,978616.0882574957
2026-05-18 16:00:00,974884.0569832199
2026-05-18 16:15:00,975815.3686449655
2026-05-18 16:30:00,975565.9030348561
2026-05-18 16:45:00,974675.994545064
2026-05-18 17:00:00,975360.8630026762
2026-05-18 17:15:00,974569.3157163947
2026-05-18 17:30:00,975196.562644538
2026-05-18 17:45:00,976714.4789260186
2026-05-18 18:00:00,977209.2975721181
2026-05-18 18:15:00,978454.1629669118
2026-05-18 18:30:00,979035.1851592808
2026-05-18 18:45:00,980876.9779588527
2026-05-18 19:00:00,977603.9607455786
2026-05-18 19:15:00,977000.2066170963
2026-05-18 19:30:00,975775.1481180735
2026-05-18 19:45:00,975595.3692177574
2026-05-18 20:00:00,973990.0926818694
2026-05-18 20:15:00,974070.353670535
2026-05-18 20:30:00,974800.1976788666
2026-05-18 20:45:00,974846.2991120835
2026-05-18 21:00:00,976407.5767402737
2026-05-18 21:15:00,976424.0010998307
2026-05-18 21:30:00,975041.2840125405
2026-05-18 21:45:00,975387.0083006426
2026-05-18 22:00:00,974541.2528467441
2026-05-18 22:15:00,974211.0687520974
2026-05-18 22:30:00,974343.4045572226
2026-05-18 22:45:00,974439.1749137057
2026-05-18 23:00:00,974768.9939893989
2026-05-18 23:15:00,974602.6527570202
2026-05-18 23:30:00,974295.961462033
2026-05-18 23:45:00,974800.0127250315
2026-05-19 00:00:00,975499.5063843578
2026-05-19 00:15:00,975029.7639162883
2026-05-19 00:30:00,976128.3675165097
2026-05-19 00:45:00,976171.5130837453
2026-05-19 01:00:00,976771.9155016537
2026-05-19 01:15:00,976577.8147672989
2026-05-19 01:30:00,975862.4158955637
2026-05-19 01:45:00,976510.1072804667
2026-05-19 02:00:00,977822.5568595368
2026-05-19 02:15:00,977062.6091073147
2026-05-19 02:30:00,977221.4860549998
2026-05-19 02:45:00,977765.1511095399
2026-05-19 03:00:00,977963.4568949318
2026-05-19 03:15:00,977555.9368519617
2026-05-19 03:30:00,977737.1708084263
2026-05-19 03:45:00,978148.8342511563
2026-05-19 04:00:00,978054.739749961
2026-05-19 04:15:00,978272.3332839753
2026-05-19 04:30:00,978531.0931622627
2026-05-19 04:45:00,978971.3615403333
2026-05-19 05:00:00,978971.3615403333
2026-05-19 05:15:00,978971.3615403333
2026-05-19 05:30:00,978967.0377761604
2026-05-19 05:45:00,978946.2075467382
2026-05-19 06:00:00,978932.7186165797
2026-05-19 06:15:00,978917.934200018
2026-05-19 06:30:00,978906.0200676572
2026-05-19 06:45:00,978963.0045421988
2026-05-19 07:00:00,978981.146975971
2026-05-19 07:15:00,979023.7679152612
2026-05-19 07:30:00,979034.5959399419
2026-05-19 07:45:00,978997.0793567206
2026-05-19 08:00:00,979061.1388904853
2026-05-19 08:15:00,978985.8010888722
2026-05-19 08:30:00,979044.7708256198
2026-05-19 08:45:00,978242.5953368626
2026-05-19 09:00:00,977741.2300523714
2026-05-19 09:15:00,977508.6291688423
2026-05-19 09:30:00,977327.1590880189
2026-05-19 09:45:00,977562.0027220254
2026-05-19 10:00:00,977572.6774326619
2026-05-19 10:15:00,977263.1108241993
2026-05-19 10:30:00,975847.9126750825
2026-05-19 10:45:00,978842.5687446191
2026-05-19 11:00:00,979535.306442745
2026-05-19 11:15:00,981630.889194105
2026-05-19 11:30:00,982215.0540862011
2026-05-19 11:45:00,981269.4390283332
2026-05-19 12:00:00,982110.0216241668
2026-05-19 12:15:00,982471.8503431192
2026-05-19 12:30:00,978224.5586916845
2026-05-19 12:45:00,979617.7904098891
2026-05-19 13:00:00,980610.1805618204
2026-05-19 13:15:00,979541.7481993821
2026-05-19 13:30:00,978539.2381878179
2026-05-19 13:45:00,978676.5111708653
2026-05-19 14:00:00,978518.8733482441
2026-05-19 14:15:00,977708.4861760177
2026-05-19 14:30:00,975426.5603072116
2026-05-19 14:45:00,974468.1203827198
2026-05-19 15:00:00,974837.2520934092
2026-05-19 15:15:00,977008.8322976431
2026-05-19 15:30:00,978958.1296574638
2026-05-19 15:45:00,980194.6373870971
2026-05-19 16:00:00,973558.8225333448
2026-05-19 16:15:00,976115.7554603344
2026-05-19 16:30:00,976276.0699403333
2026-05-19 16:45:00,975789.9871820164
2026-05-19 17:00:00,978352.3338535334
2026-05-19 17:15:00,978155.0612699497
2026-05-19 17:30:00,977829.9351205077
2026-05-19 17:45:00,978769.1216545404
2026-05-19 18:00:00,979525.4142783148
2026-05-19 18:15:00,980291.3063276927
2026-05-19 18:30:00,980047.723069327
2026-05-19 18:45:00,979841.3277338173
2026-05-19 19:00:00,979966.2477815393
2026-05-19 19:15:00,980174.7999881712
2026-05-19 19:30:00,980145.0178146447
2026-05-19 19:45:00,980517.2679400753
2026-05-19 20:00:00,980527.1052989728
2026-05-19 20:15:00,980619.418863983
2026-05-19 20:30:00,980737.5990476597
2026-05-19 20:45:00,980495.7836860698
2026-05-19 21:00:00,980209.6714392997
2026-05-19 21:15:00,981042.2575787081
2026-05-19 21:30:00,981024.9846694566
2026-05-19 21:45:00,981051.8659465564
2026-05-19 22:00:00,980776.2007963989
2026-05-19 22:15:00,981260.7091478629
2026-05-19 22:30:00,981023.6370697034
2026-05-19 22:45:00,981146.3750895394
2026-05-19 23:00:00,980883.1798823844
2026-05-19 23:15:00,980951.1616629089
2026-05-19 23:30:00,980764.1351232765
2026-05-19 23:45:00,980487.7191727718
2026-05-20 00:00:00,980703.1801325724
2026-05-20 00:15:00,980827.8966922836
2026-05-20 00:30:00,980101.3699884518
2026-05-20 00:45:00,978890.7691603113
2026-05-20 01:00:00,979066.8399614283
2026-05-20 01:15:00,978896.0227589621
2026-05-20 01:30:00,978371.0109268574
2026-05-20 01:45:00,979976.2714149646
2026-05-20 02:00:00,980729.1896616975
2026-05-20 02:15:00,980252.4742990028
2026-05-20 02:30:00,979257.0117056781
2026-05-20 02:45:00,979441.6156658336
2026-05-20 03:00:00,979335.6212712862
2026-05-20 03:15:00,981238.3569614126
2026-05-20 03:30:00,982222.6147658641
2026-05-20 03:45:00,981917.4476683929
2026-05-20 04:00:00,982184.232261486
2026-05-20 04:15:00,982396.3209098628
2026-05-20 04:30:00,982831.6577767715
2026-05-20 04:45:00,982460.0733830198
2026-05-20 05:00:00,982411.7039409037
2026-05-20 05:15:00,981712.9503016721
2026-05-20 05:30:00,981650.9640917404
2026-05-20 05:45:00,982017.2462413375
2026-05-20 06:00:00,982304.6368510213
2026-05-20 06:15:00,982620.2030106747
2026-05-20 06:30:00,982558.2168007423
2026-05-20 06:45:00,982304.6368510213
2026-05-20 07:00:00,982406.0688309099
2026-05-20 07:15:00,982270.8261910587
2026-05-20 07:30:00,982592.0274607057
2026-05-20 07:45:00,982699.4659271305
2026-05-20 08:00:00,982809.3115183163
2026-05-20 08:15:00,983294.4432280078
2026-05-20 08:30:00,985070.3375101285
2026-05-20 08:45:00,982072.3039619371
2026-05-20 09:00:00,984141.1294535407
2026-05-20 09:15:00,982561.869388499
2026-05-20 09:30:00,982665.6995959736
2026-05-20 09:45:00,981059.5232609047
2026-05-20 10:00:00,983519.9785969675
2026-05-20 10:15:00,984574.2634367907
2026-05-20 10:30:00,987108.6102515785
2026-05-20 10:45:00,987306.3711058209
2026-05-20 11:00:00,987733.932424555
2026-05-20 11:15:00,989617.3874777884
2026-05-20 11:30:00,989617.3874777884
2026-05-20 11:45:00,989617.3874777884
2026-05-20 12:00:00,989617.3874777884
2026-05-20 12:15:00,989617.3874777884
2026-05-20 12:30:00,989617.3874777884
2026-05-20 12:45:00,989617.3874777884
2026-05-20 13:00:00,989617.3874777884
2026-05-20 13:15:00,989617.3874777884
2026-05-20 13:30:00,989617.3874777884
2026-05-20 13:45:00,989617.3874777884
2026-05-20 14:00:00,989617.3874777884
2026-05-20 14:15:00,989560.3864523941
2026-05-20 14:30:00,988131.6142194602
2026-05-20 14:45:00,988074.7177834216
2026-05-20 15:00:00,989729.8364901694
2026-05-20 15:15:00,985037.5882445994
2026-05-20 15:30:00,984988.4991589498
2026-05-20 15:45:00,986848.8192494538
2026-05-20 16:00:00,985096.4552342823
2026-05-20 16:15:00,985052.3518420731
2026-05-20 16:30:00,984121.7150123479
2026-05-20 16:45:00,984743.4887831826
2026-05-20 17:00:00,984316.1808644629
2026-05-20 17:15:00,984538.2424696453
2026-05-20 17:30:00,985254.4078413666
2026-05-20 17:45:00,985755.5169158209
2026-05-20 18:00:00,985212.0572725384
2026-05-20 18:15:00,984697.2268110741
2026-05-20 18:30:00,985027.2253142124
2026-05-20 18:45:00,984600.9277133521
2026-05-20 19:00:00,984466.7177199025
2026-05-20 19:15:00,984068.5043017644
2026-05-20 19:30:00,984489.3519116644
2026-05-20 19:45:00,985392.8583070852
2026-05-20 20:00:00,985088.3552409632
2026-05-20 20:15:00,985307.1866917362
2026-05-20 20:30:00,985699.0362106615
2026-05-20 20:45:00,985973.8599369392
2026-05-20 21:00:00,985614.006004016
2026-05-20 21:15:00,985394.2606449918
2026-05-20 21:30:00,985203.8822860973
2026-05-20 21:45:00,985185.7443368782
2026-05-20 22:00:00,985408.8561000867
2026-05-20 22:15:00,985652.9104883273
2026-05-20 22:30:00,985563.5601290799
2026-05-20 22:45:00,985589.4643154182
2026-05-20 23:00:00,985429.2138858564
2026-05-20 23:15:00,985929.7779612151
2026-05-20 23:30:00,986221.553228912
2026-05-20 23:45:00,985977.2263411229
2026-05-21 00:00:00,986150.4770686575
2026-05-21 00:15:00,986196.8354503732
2026-05-21 00:30:00,985764.6225397888
2026-05-21 00:45:00,985446.9430857536
2026-05-21 01:00:00,984610.7942665224
2026-05-21 01:15:00,984547.0755940648
2026-05-21 01:30:00,984887.9342389579
2026-05-21 01:45:00,985925.9629675426
2026-05-21 02:00:00,986103.8461873939
2026-05-21 02:15:00,987266.859764961
2026-05-21 02:30:00,987686.0723775724
2026-05-21 02:45:00,987372.6565066981
2026-05-21 03:00:00,987088.8801355022
2026-05-21 03:15:00,986772.8356787552
2026-05-21 03:30:00,986691.484216008
2026-05-21 03:45:00,987136.6010149578
2026-05-21 04:00:00,986882.6710433997
2026-05-21 04:15:00,986882.6710433997
2026-05-21 04:30:00,986640.3161781786
2026-05-21 04:45:00,986397.9613129579
2026-05-21 05:00:00,986268.70538484
2026-05-21 05:15:00,986785.7290973115
2026-05-21 05:30:00,986494.9032590463
2026-05-21 05:45:00,986147.5279522293
2026-05-21 06:00:00,985371.9923835222
2026-05-21 06:15:00,985590.1117622212
2026-05-21 06:30:00,986559.5312231052
2026-05-21 06:45:00,985913.251582516
2026-05-21 07:00:00,985638.582735265
2026-05-21 07:15:00,988602.0931471257
2026-05-21 07:30:00,988602.0931471257
2026-05-21 07:45:00,988602.0931471257
2026-05-21 08:00:00,988602.0931471257
2026-05-21 08:15:00,988602.0931471257
2026-05-21 08:30:00,988602.0931471257
2026-05-21 08:45:00,988602.0931471257
2026-05-21 09:00:00,988602.0931471257
2026-05-21 09:15:00,988602.0931471257
2026-05-21 09:30:00,988602.0931471257
2026-05-21 09:45:00,988602.0931471257
2026-05-21 10:00:00,988602.0931471257
2026-05-21 10:15:00,988602.0931471257
2026-05-21 10:30:00,988602.0931471257
2026-05-21 10:45:00,988602.0931471257
2026-05-21 11:00:00,988602.0931471257
2026-05-21 11:15:00,988602.0931471257
2026-05-21 11:30:00,988602.0931471257
2026-05-21 11:45:00,988602.0931471257
2026-05-21 12:00:00,988598.2208829031
2026-05-21 12:15:00,988589.2903688961
2026-05-21 12:30:00,988613.8263960977
2026-05-21 12:45:00,988612.7466378922
2026-05-21 13:00:00,988508.0966899062
2026-05-21 13:15:00,988052.5093340515
2026-05-21 13:30:00,984585.6104708227
2026-05-21 13:45:00,989884.7765941307
2026-05-21 14:00:00,987590.1333729296
2026-05-21 14:15:00,986667.3647686965
2026-05-21 14:30:00,985021.7528878689
2026-05-21 14:45:00,988752.5586063565
2026-05-21 15:00:00,986683.5245501389
2026-05-21 15:15:00,986548.7821293036
2026-05-21 15:30:00,984936.5104437842
2026-05-21 15:45:00,986636.2207980641
2026-05-21 16:00:00,986043.2023509196
2026-05-21 16:15:00,987816.3730780751
2026-05-21 16:30:00,988434.7053930019
2026-05-21 16:45:00,989168.0481476225
2026-05-21 17:00:00,992037.0928802339
2026-05-21 17:15:00,998804.0186297706
2026-05-21 17:30:00,1000245.1127780674
2026-05-21 17:45:00,1000163.8069309397
2026-05-21 18:00:00,1000325.9986296551
2026-05-21 18:15:00,1002659.2536389524
2026-05-21 18:30:00,1002359.0202795553
2026-05-21 18:45:00,998582.4860987444
2026-05-21 19:00:00,998581.8034568747
2026-05-21 19:15:00,998581.2260939894
2026-05-21 19:30:00,998589.4032021662
2026-05-21 19:45:00,998606.2176273862
2026-05-21 20:00:00,998570.916687296
2026-05-21 20:15:00,998579.6351589548
2026-05-21 20:30:00,998588.7144980127
2026-05-21 20:45:00,998617.5600279267
2026-05-21 21:00:00,998618.6848165778
2026-05-21 21:15:00,998618.8397039125
2026-05-21 21:30:00,998597.7923526913
2026-05-21 21:45:00,998614.599231248
2026-05-21 22:00:00,998598.4735101816
2026-05-21 22:15:00,998599.3276170918
2026-05-21 22:30:00,998599.5592059043
2026-05-21 22:45:00,998594.5789363566
2026-05-21 23:00:00,998594.2000068724
2026-05-21 23:15:00,998595.8510656792
2026-05-21 23:30:00,998597.502124486
2026-05-21 23:45:00,998600.1035381448
2026-05-22 00:00:00,998596.8735441045
2026-05-22 00:15:00,998600.145599832
2026-05-22 00:30:00,998612.9421101575
2026-05-22 00:45:00,998614.5931689641
2026-05-22 01:00:00,998609.8354571864
2026-05-22 01:15:00,998600.4854363875
2026-05-22 01:30:00,998592.4556688824
2026-05-22 01:45:00,998577.3313953977
2026-05-22 02:00:00,998576.3209167735
2026-05-22 02:15:00,998577.8156038662
2026-05-22 02:30:00,998578.4742461337
2026-05-22 02:45:00,998579.815530271
2026-05-22 03:00:00,998579.9147469716
2026-05-22 03:15:00,998581.3703411358
2026-05-22 03:30:00,998583.0394620275
2026-05-22 03:45:00,998588.3986610593
2026-05-22 04:00:00,998582.3477891153
2026-05-22 04:15:00,998581.4064653057
2026-05-22 04:30:00,998577.3284266391
2026-05-22 04:45:00,998589.3279850679
2026-05-22 05:00:00,998588.9009316127
2026-05-22 05:15:00,998585.5807519143
2026-05-22 05:30:00,998592.3383900968
2026-05-22 05:45:00,998588.9835706077
2026-05-22 06:00:00,998601.9139374243
2026-05-22 06:15:00,998579.2645658292
2026-05-22 06:30:00,998579.2645658292
2026-05-22 06:45:00,998579.2645658292
2026-05-22 07:00:00,998579.2645658292
2026-05-22 07:15:00,998579.2645658292
2026-05-22 07:30:00,998579.2645658292
2026-05-22 07:45:00,998579.2645658292
2026-05-22 08:00:00,998579.2645658292
2026-05-22 08:15:00,998579.2645658292
2026-05-22 08:30:00,998579.2645658292
2026-05-22 08:45:00,998579.2645658292
2026-05-22 09:00:00,998579.2645658292
2026-05-22 09:15:00,998579.2645658292
2026-05-22 09:30:00,998579.2645658292
2026-05-22 09:45:00,998579.2645658292
2026-05-22 10:00:00,998579.2645658292
2026-05-22 10:15:00,998579.2645658292
2026-05-22 10:30:00,998579.2645658292
2026-05-22 10:45:00,998579.2645658292
2026-05-22 11:00:00,998579.2645658292
2026-05-22 11:15:00,998579.2645658292
2026-05-22 11:30:00,998579.2645658292
2026-05-22 11:45:00,998498.5505426103
2026-05-22 12:00:00,998824.1518012587
2026-05-22 12:15:00,997261.2657597455
2026-05-22 12:30:00,997977.5885287727
2026-05-22 12:45:00,997869.0547758896
2026-05-22 13:00:00,999838.972885567
2026-05-22 13:15:00,999103.0093658788
2026-05-22 13:30:00,1000722.0685168416
2026-05-22 13:45:00,1001799.3218874711
2026-05-22 14:00:00,1003141.0965660374
2026-05-22 14:15:00,1002053.1580206521
2026-05-22 14:30:00,999371.0171650195
2026-05-22 14:45:00,997996.9724912671
2026-05-22 15:00:00,998008.7830959943
2026-05-22 15:15:00,997350.4649950084
2026-05-22 15:30:00,996513.404164815
2026-05-22 15:45:00,997622.9155911317
2026-05-22 16:00:00,997779.2605861435
2026-05-22 16:15:00,996720.3092935893
2026-05-22 16:30:00,997750.3188271751
2026-05-22 16:45:00,998217.8777653073
2026-05-22 17:00:00,997476.104504332
2026-05-22 17:15:00,997108.7296538199
2026-05-22 17:30:00,996035.6762807501
2026-05-22 17:45:00,996608.9243247154
2026-05-22 18:00:00,998234.3446658029
2026-05-22 18:15:00,998257.5805068392
2026-05-22 18:30:00,997878.4215557579
2026-05-22 18:45:00,997208.7950904388
2026-05-22 19:00:00,998494.0010944918
2026-05-22 19:15:00,999155.9708385062
2026-05-22 19:30:00,998701.5089485596
2026-05-22 19:45:00,997772.8674970543
2026-05-22 20:00:00,997844.5271916463
2026-05-22 20:15:00,997533.4205337609
2026-05-22 20:30:00,997942.2152310717
2026-05-22 20:45:00,998218.4322991824
2026-05-22 21:00:00,998213.0329722838
2026-05-24 21:00:00,991336.4102666806
2026-05-24 21:15:00,990910.809879297
2026-05-24 21:30:00,992299.4085817875
2026-05-24 21:45:00,990484.2381889209
2026-05-24 22:00:00,987419.0562673325
2026-05-24 22:15:00,987205.3511536163
2026-05-24 22:30:00,987121.8191437873
2026-05-24 22:45:00,986719.2120501339
2026-05-24 23:00:00,986032.9002394523
2026-05-24 23:15:00,986222.1909847893
2026-05-24 23:30:00,985629.9133990761
2026-05-24 23:45:00,986119.7345780334
2026-05-25 00:00:00,987790.695179537
2026-05-25 00:15:00,987159.3746667538
2026-05-25 00:30:00,988297.6861815219
2026-05-25 00:45:00,988883.5417040443
2026-05-25 01:00:00,987469.3620303107
2026-05-25 01:15:00,987094.6195324698
2026-05-25 01:30:00,988528.1342769512
2026-05-25 01:45:00,988522.8950589226
2026-05-25 02:00:00,988614.120697369
2026-05-25 02:15:00,988178.3972018007
2026-05-25 02:30:00,988644.2542078411
2026-05-25 02:45:00,989932.6190180962
2026-05-25 03:00:00,989805.2869376407
2026-05-25 03:15:00,989689.6225931396
2026-05-25 03:30:00,989600.7221801137
2026-05-25 03:45:00,989645.7819351448
2026-05-25 04:00:00,989621.7372190944
2026-05-25 04:15:00,988916.9331709509
2026-05-25 04:30:00,987926.9326689229
2026-05-25 04:45:00,987488.6599088938
2026-05-25 05:00:00,986925.9147945126
2026-05-25 05:15:00,986517.4650833134
2026-05-25 05:30:00,986361.8395127049
2026-05-25 05:45:00,987190.9754045215
2026-05-25 06:00:00,986853.9800376139
2026-05-25 06:15:00,987741.8533916987
2026-05-25 06:30:00,986908.8675082788
2026-05-25 06:45:00,986470.9052098914
2026-05-25 07:00:00,986598.126219955
2026-05-25 07:15:00,988122.0979336036
2026-05-25 07:30:00,988112.2407776833
2026-05-25 07:45:00,986354.0806489271
2026-05-25 08:00:00,986101.7369209421
2026-05-25 08:15:00,985750.1846516907
2026-05-25 08:30:00,985313.3009396598
2026-05-25 08:45:00,984291.6079281971
2026-05-25 09:00:00,984546.131578429
2026-05-25 09:15:00,984364.591831166
2026-05-25 09:30:00,983625.9153513385
2026-05-25 09:45:00,984830.6187881702
2026-05-25 10:00:00,984583.0631274671
2026-05-25 10:15:00,984903.2922294977
2026-05-25 10:30:00,984289.0881040209
2026-05-25 10:45:00,984372.7494774447
2026-05-25 11:00:00,984837.7567286643
2026-05-25 11:15:00,983448.4544272141
2026-05-25 11:30:00,981288.9530874657
2026-05-25 11:45:00,983096.872717677
2026-05-25 12:00:00,982844.5289896925
2026-05-25 12:15:00,983246.55000454
2026-05-25 12:30:00,981106.7335363463
2026-05-25 12:45:00,982210.5289222703
2026-05-25 13:00:00,982872.9924308094
2026-05-25 13:15:00,982930.5402363278
2026-05-25 13:30:00,984037.5352502848
2026-05-25 13:45:00,985476.9663954029
2026-05-25 14:00:00,985370.789864607
2026-05-25 14:15:00,984499.852726363
2026-05-25 14:30:00,983267.5356032358
2026-05-25 14:45:00,983511.3817830133
2026-05-25 15:00:00,982928.5302650443
2026-05-25 15:15:00,982472.3015833882
2026-05-25 15:30:00,982311.8716741323
2026-05-25 15:45:00,983818.4233513487
2026-05-25 16:00:00,984464.3807467691
2026-05-25 16:15:00,984888.294229106
2026-05-25 16:30:00,985367.2069479754
2026-05-25 16:45:00,985069.5775058459
2026-05-25 17:00:00,985034.4872081664
2026-05-25 17:15:00,984449.5101347145
2026-05-25 17:30:00,984642.0240571902
2026-05-25 17:45:00,984843.6295981617
2026-05-25 18:00:00,984449.5101347145
2026-05-25 18:15:00,984825.5323451649
2026-05-25 18:30:00,985298.4413077012
2026-05-25 18:45:00,984861.8822245445
2026-05-25 19:00:00,984936.0135329982
2026-05-25 19:15:00,984790.0453167133
2026-05-25 19:30:00,983992.0072937813
2026-05-25 19:45:00,983688.0633485465
2026-05-25 20:00:00,983648.4312328065
2026-05-25 20:15:00,984153.1242794042
2026-05-25 20:30:00,984411.9271009405
2026-05-25 20:45:00,984928.5922931277
2026-05-25 21:00:00,984799.9075439138
2026-05-25 21:15:00,984989.2783560043
2026-05-25 21:30:00,985383.7160931837
2026-05-25 21:45:00,984420.2475906856
2026-05-25 22:00:00,984350.8085418246
2026-05-25 22:15:00,984470.4729486111
2026-05-25 22:30:00,984218.22256582
2026-05-25 22:45:00,984441.8973791366
2026-05-25 23:00:00,984434.9441226013
2026-05-25 23:15:00,984438.5679030629
2026-05-25 23:30:00,984452.4625151412
2026-05-25 23:45:00,984457.8970657453
2026-05-26 00:00:00,984445.4203512187
2026-05-26 00:15:00,984455.9691058783
2026-05-26 00:30:00,984454.806449473
2026-05-26 00:45:00,984443.9124261917
2026-05-26 01:00:00,984440.4759812537
2026-05-26 01:15:00,984450.4184856379
2026-05-26 01:30:00,984469.457824285
2026-05-26 01:45:00,984459.5815453916
2026-05-26 02:00:00,984465.2261134158
2026-05-26 02:15:00,984463.4283643537
2026-05-26 02:30:00,984467.4483776706
2026-05-26 02:45:00,984459.6211686771
2026-05-26 03:00:00,984456.9370061203
2026-05-26 03:15:00,984457.980792669
2026-05-26 03:30:00,984455.4698244671
2026-05-26 03:45:00,984451.6360265855
2026-05-26 04:00:00,984452.957736177
2026-05-26 04:15:00,984323.6508390247
2026-05-26 04:30:00,984428.294113856
2026-05-26 04:45:00,984631.4173742876
2026-05-26 05:00:00,984592.6633354778
2026-05-26 05:15:00,984654.0299165061
2026-05-26 05:30:00,984636.1937194086
2026-05-26 05:45:00,984601.6085529516
2026-05-26 06:00:00,985434.0927058895
2026-05-26 06:15:00,987570.3706081754
2026-05-26 06:30:00,988847.8162046245
2026-05-26 06:45:00,988289.3551510704
2026-05-26 07:00:00,987192.1580753144
2026-05-26 07:15:00,987867.3535298554
2026-05-26 07:30:00,988386.6644096747
2026-05-26 07:45:00,989987.9291437557
2026-05-26 08:00:00,991069.4011042485
2026-05-26 08:15:00,991285.2291148808
2026-05-26 08:30:00,989559.6867015263
2026-05-26 08:45:00,990159.5388337432
2026-05-26 09:00:00,990805.0684087976
2026-05-26 09:15:00,992442.3696265458
2026-05-26 09:30:00,991832.8765351585
2026-05-26 09:45:00,992702.8978515947
2026-05-26 10:00:00,991941.4678799291
2026-05-26 10:15:00,992164.1096077505
2026-05-26 10:30:00,991441.6343641366
2026-05-26 10:45:00,992347.0148247842
2026-05-26 11:00:00,992920.9145455139
2026-05-26 11:15:00,991180.9106934043
2026-05-26 11:30:00,988217.4910703006
2026-05-26 11:45:00,988060.0041493424
2026-05-26 12:00:00,988123.8952796973
2026-05-26 12:15:00,989618.8110271845
2026-05-26 12:30:00,987564.6492926917
2026-05-26 12:45:00,987261.2119677917
2026-05-26 13:00:00,987539.2730899389
2026-05-26 13:15:00,986135.2560606553
2026-05-26 13:30:00,988081.1855792169
2026-05-26 13:45:00,988276.4380074149
2026-05-26 14:00:00,987520.9489677997
2026-05-26 14:15:00,986930.7377947535
2026-05-26 14:30:00,987287.6890523869
2026-05-26 14:45:00,985812.904121746
2026-05-26 15:00:00,983835.940327102
2026-05-26 15:15:00,983547.3620096804
2026-05-26 15:30:00,982900.1778667503
2026-05-26 15:45:00,982122.9705581802
2026-05-26 16:00:00,983988.6589901159
2026-05-26 16:15:00,985346.631958245
2026-05-26 16:30:00,983935.1906016679
2026-05-26 16:45:00,983410.134235484
2026-05-26 17:00:00,984977.0170537755
2026-05-26 17:15:00,984020.2136639246
2026-05-26 17:30:00,983384.7022528597
2026-05-26 17:45:00,984014.7345662984
2026-05-26 18:00:00,985193.6603047327
2026-05-26 18:15:00,985045.6396067546
2026-05-26 18:30:00,985326.8709873891
2026-05-26 18:45:00,986750.9277026821
2026-05-26 19:00:00,985229.5014667994
2026-05-26 19:15:00,986228.7997358885
2026-05-26 19:30:00,987309.5959003895
2026-05-26 19:45:00,988526.238229196
2026-05-26 20:00:00,988714.551158683
2026-05-26 20:15:00,987284.8117331526
2026-05-26 20:30:00,987943.0412965261
2026-05-26 20:45:00,987037.4919489226
2026-05-26 21:00:00,986831.902037168
2026-05-26 21:15:00,987838.8480278249
2026-05-26 21:30:00,988377.4681564425
2026-05-26 21:45:00,985473.1774735958
2026-05-26 22:00:00,986282.5780146681
2026-05-26 22:15:00,986482.0423513432
2026-05-26 22:30:00,986617.6155576633
2026-05-26 22:45:00,986467.333245262
2026-05-26 23:00:00,986676.8294324767
2026-05-26 23:15:00,987990.7795256452
2026-05-26 23:30:00,988913.3964453888
2026-05-26 23:45:00,988024.5751043825
2026-05-27 00:00:00,988480.8676389856
2026-05-27 00:15:00,988222.3326515405
2026-05-27 00:30:00,988492.0199419889
2026-05-27 00:45:00,989114.4243475379
2026-05-27 01:00:00,988370.0353892847
2026-05-27 01:15:00,987652.0419555287
2026-05-27 01:30:00,986779.1933971118
2026-05-27 01:45:00,986592.7835986412
2026-05-27 02:00:00,987014.6942174529
2026-05-27 02:15:00,987094.9490217653
2026-05-27 02:30:00,986629.4974217629
2026-05-27 02:45:00,987534.4869910426
2026-05-27 03:00:00,987926.4975039209
2026-05-27 03:15:00,987786.8333791125
2026-05-27 03:30:00,987660.3670165503
2026-05-27 03:45:00,987737.0650177847
2026-05-27 04:00:00,988260.0759247252
2026-05-27 04:15:00,987730.6435073116
2026-05-27 04:30:00,988254.731551646
2026-05-27 04:45:00,988254.731551646
2026-05-27 05:00:00,988254.731551646
2026-05-27 05:15:00,988186.9451965294
2026-05-27 05:30:00,988122.9970451412
2026-05-27 05:45:00,987715.3275800421
2026-05-27 06:00:00,987731.3146178895
2026-05-27 06:15:00,987603.418315113
2026-05-27 06:30:00,986500.3127036686
2026-05-27 06:45:00,986124.6173142635
2026-05-27 07:00:00,986508.3062225919
2026-05-27 07:15:00,986204.3039359824
2026-05-27 07:30:00,986168.0432269312
2026-05-27 07:45:00,986275.6460868784
2026-05-27 08:00:00,985826.2631932462
2026-05-27 08:15:00,983694.3905113527
2026-05-27 08:30:00,983108.262077657
2026-05-27 08:45:00,983015.4869107663
2026-05-27 09:00:00,984594.3100030754
2026-05-27 09:15:00,985028.540946453
2026-05-27 09:30:00,985042.0353687851
2026-05-27 09:45:00,984656.1244159621
2026-05-27 10:00:00,984544.5508407608
2026-05-27 10:15:00,985015.8187946969
2026-05-27 10:30:00,983583.7343970309
2026-05-27 10:45:00,983115.2458341809
2026-05-27 11:00:00,982984.7617495443
2026-05-27 11:15:00,982161.6911749089
2026-05-27 11:30:00,982517.5705788633
2026-05-27 11:45:00,983049.248554746
2026-05-27 12:00:00,982556.8853093839
2026-05-27 12:15:00,985853.2932884268
2026-05-27 12:30:00,985019.6559437871
2026-05-27 12:45:00,986012.2258781889
2026-05-27 13:00:00,985403.088036854
2026-05-27 13:15:00,985292.6405898434
2026-05-27 13:30:00,985263.3903572437
2026-05-27 13:45:00,987575.1307825124
2026-05-27 14:00:00,985505.8621523093
2026-05-27 14:15:00,985402.2388697785
2026-05-27 14:30:00,985687.5036661096
2026-05-27 14:45:00,984032.2690847068
2026-05-27 15:00:00,989544.6496931713
2026-05-27 15:15:00,989543.2355339305
2026-05-27 15:30:00,989425.9304607033
2026-05-27 15:45:00,990525.7766915782
2026-05-27 16:00:00,989844.9786814969
2026-05-27 16:15:00,991048.3881691919
2026-05-27 16:30:00,990412.7447363738
2026-05-27 16:45:00,991725.7956971121
2026-05-27 17:00:00,987863.6072549154
2026-05-27 17:15:00,987873.5736679027
2026-05-27 17:30:00,988729.020087391
2026-05-27 17:45:00,989885.002970563
2026-05-27 18:00:00,988166.51958528
2026-05-27 18:15:00,988974.0784888817
2026-05-27 18:30:00,989087.7594410537
2026-05-27 18:45:00,989694.8987531257
2026-05-27 19:00:00,990741.9417777808
2026-05-27 19:15:00,990847.096784985
2026-05-27 19:30:00,990240.6920531249
2026-05-27 19:45:00,990367.1104972042
2026-05-27 20:00:00,990497.589554583
2026-05-27 20:15:00,989693.9697208867
2026-05-27 20:30:00,988610.6998169612
2026-05-27 20:45:00,987748.037975809
2026-05-27 21:00:00,987695.0489223655
2026-05-27 21:15:00,987653.9243763412
2026-05-27 21:30:00,988087.6570217117
2026-05-27 21:45:00,987518.1493002595
2026-05-27 22:00:00,989239.8963044579
2026-05-27 22:15:00,988510.7964669832
2026-05-27 22:30:00,988427.9661119902
2026-05-27 22:45:00,988344.0915477864
2026-05-27 23:00:00,988466.4727511172
2026-05-27 23:15:00,986453.0533461234
2026-05-27 23:30:00,985979.3830414981
2026-05-27 23:45:00,984429.3758065993
2026-05-28 00:00:00,983733.210856683
2026-05-28 00:15:00,984922.9051854737
2026-05-28 00:30:00,983619.686361486
2026-05-28 00:45:00,983248.182160568
2026-05-28 01:00:00,982612.4921278916
2026-05-28 01:15:00,982172.7087668894
2026-05-28 01:30:00,980886.8376824205
2026-05-28 01:45:00,978457.5409910553
2026-05-28 02:00:00,980026.9394370836
2026-05-28 02:15:00,980186.8860997942
2026-05-28 02:30:00,978786.0666442679
2026-05-28 02:45:00,979645.1875668027
2026-05-28 03:00:00,975997.3334468129
2026-05-28 03:15:00,973379.2206044322
2026-05-28 03:30:00,966710.811491916
2026-05-28 03:45:00,964658.3910984261
2026-05-28 04:00:00,964602.9771545874
2026-05-28 04:15:00,964364.4938919917
2026-05-28 04:30:00,966921.1378576304
2026-05-28 04:45:00,967159.4709886941
2026-05-28 05:00:00,966572.5465405459
2026-05-28 05:15:00,968399.7680080327
2026-05-28 05:30:00,971153.6374580073
2026-05-28 05:45:00,971063.579299122
2026-05-28 06:00:00,973128.1715859959
2026-05-28 06:15:00,974340.9562072557
2026-05-28 06:30:00,974754.452215253
2026-05-28 06:45:00,975467.2715577221
2026-05-28 07:00:00,978724.5529895402
2026-05-28 07:15:00,975880.4507505725
2026-05-28 07:30:00,975602.6437489723
2026-05-28 07:45:00,975128.6534548518
2026-05-28 08:00:00,974924.215171425
2026-05-28 08:15:00,974628.817696095
2026-05-28 08:30:00,974109.2249035342
2026-05-28 08:45:00,975628.7853470861
2026-05-28 09:00:00,976225.6234741877
2026-05-28 09:15:00,975347.2467594137
2026-05-28 09:30:00,974341.1256221237
2026-05-28 09:45:00,973537.9660976265
2026-05-28 10:00:00,972702.9782978595
2026-05-28 10:15:00,973728.7825699314
2026-05-28 10:30:00,971540.603491888
2026-05-28 10:45:00,971308.7227287705
2026-05-28 11:00:00,972674.9227877259
2026-05-28 11:15:00,974222.6778881252
2026-05-28 11:30:00,974553.0608750074
2026-05-28 11:45:00,976655.1817331748
2026-05-28 12:00:00,976520.4207228456
2026-05-28 12:15:00,978215.8280200554
2026-05-28 12:30:00,978254.4865753697
2026-05-28 12:45:00,978282.7750910666
2026-05-28 13:00:00,978271.2804991094
2026-05-28 13:15:00,978267.565656344
2026-05-28 13:30:00,978280.8286470638
2026-05-28 13:45:00,978266.6102713295
2026-05-28 14:00:00,978299.1683318592
2026-05-28 14:15:00,978355.789874563
2026-05-28 14:30:00,978282.3926693259
2026-05-28 14:45:00,978122.9847526541
2026-05-28 15:00:00,974960.9249990507
2026-05-28 15:15:00,975631.0339607161
2026-05-28 15:30:00,975649.9102694953
2026-05-28 15:45:00,974573.9606690749
2026-05-28 16:00:00,974743.8474480888
2026-05-28 16:15:00,973592.3926125506
2026-05-28 16:30:00,973611.2689213301
2026-05-28 16:45:00,973101.6085842889
2026-05-28 17:00:00,971742.5143521791
2026-05-28 17:15:00,972308.8036155584
2026-05-28 17:30:00,972573.0719384681
2026-05-28 17:45:00,971987.9063663101
2026-05-28 18:00:00,971289.4829414757
2026-05-28 18:15:00,972157.7931453236
2026-05-28 18:30:00,971685.885425841
2026-05-28 18:45:00,971563.1894187757
2026-05-28 19:00:00,971289.4829414757
2026-05-28 19:15:00,970685.4410605377
2026-05-28 19:30:00,970515.5542815238
2026-05-28 19:45:00,971478.2460292688
2026-05-28 20:00:00,971346.1118678136
2026-05-28 20:15:00,971648.1328082825
2026-05-28 20:30:00,971638.6946538927
2026-05-28 20:45:00,971544.3131099965
2026-05-28 21:00:00,971902.9629768031
2026-05-28 21:15:00,971808.5814329067
2026-05-28 21:30:00,971563.1894187757
2026-05-28 21:45:00,972072.849755817
2026-05-28 22:00:00,971629.2564995029
2026-05-28 22:15:00,971506.5604924376
2026-05-28 22:30:00,971487.684183658
2026-05-28 22:45:00,971600.942036334
2026-05-28 23:00:00,971308.3592502549
2026-05-28 23:15:00,971393.3026397618
2026-05-28 23:30:00,971431.0552573206
2026-05-28 23:45:00,971515.9986468273
2026-05-29 00:00:00,971147.910625631
2026-05-29 00:15:00,970930.8330746689
2026-05-29 00:30:00,971157.3487800207
2026-05-29 00:45:00,971704.7617346204
2026-05-29 01:00:00,970921.3949202794
2026-05-29 01:15:00,970949.7093834481
2026-05-29 01:30:00,971157.3487800207
2026-05-29 01:45:00,971874.6485136343
2026-05-29 02:00:00,971308.3592502549
2026-05-29 02:15:00,971553.7512643858
2026-05-29 02:30:00,971610.380190724
2026-05-29 02:45:00,971959.591903141
2026-05-29 03:00:00,972563.633784079
2026-05-29 03:15:00,972488.1285489615
2026-05-29 03:30:00,972865.6547245479
2026-05-29 03:45:00,972705.2060999234
2026-05-29 04:00:00,972516.4430121308
2026-05-29 04:15:00,972799.5876438201
2026-05-29 04:30:00,972308.8036155578
2026-05-29 04:45:00,972648.577173586
2026-05-29 05:00:00,972157.7931453242
2026-05-29 05:15:00,972214.4220716617
2026-05-29 05:30:00,972176.6694541026
2026-05-29 05:45:00,972252.1746892204
2026-05-29 06:00:00,971799.1432785172
2026-05-29 06:15:00,973280.9335176923
2026-05-29 06:30:00,973894.41355302
2026-05-29 06:45:00,973441.3821423164
2026-05-29 07:00:00,974286.5945693778
2026-05-29 07:15:00,974286.5945693778
2026-05-29 07:30:00,974286.5945693778
2026-05-29 07:45:00,974286.5945693778
2026-05-29 08:00:00,974286.5945693778
2026-05-29 08:15:00,974286.5945693778
2026-05-29 08:30:00,974286.5945693778
2026-05-29 08:45:00,974286.5945693778
2026-05-29 09:00:00,974286.5945693778
2026-05-29 09:15:00,974286.5945693778
2026-05-29 09:30:00,974286.5945693778
2026-05-29 09:45:00,974286.5945693778
2026-05-29 10:00:00,974286.5945693778
2026-05-29 10:15:00,974286.5945693778
2026-05-29 10:30:00,974286.5945693778
2026-05-29 10:45:00,974283.5162090503
2026-05-29 11:00:00,974282.1335079354
2026-05-29 11:15:00,974287.5745479444
2026-05-29 11:30:00,974300.730235704
2026-05-29 11:45:00,974306.6181879758
2026-05-29 12:00:00,974318.398018328
2026-05-29 12:15:00,974297.5979240551
2026-05-29 12:30:00,974326.6981508258
2026-05-29 12:45:00,974323.079880487
2026-05-29 13:00:00,974337.7539239465
2026-05-29 13:15:00,974350.4529378364
2026-05-29 13:30:00,974364.7600718769
2026-05-29 13:45:00,974358.9462866505
2026-05-29 14:00:00,974384.7522331805
2026-05-29 14:15:00,974372.141020837
2026-05-29 14:30:00,974361.9819901412
2026-05-29 14:45:00,974203.379430124
2026-05-29 15:00:00,971674.9106128069
2026-05-29 15:15:00,971545.2495714315
2026-05-29 15:30:00,970967.048638968
2026-05-29 15:45:00,970384.784110728
2026-05-29 16:00:00,973818.3810242104
2026-05-29 16:15:00,973316.561267631
2026-05-29 16:30:00,974585.230718482
2026-05-29 16:45:00,973834.9099148145
2026-05-29 17:00:00,974191.8720727739
2026-05-29 17:15:00,975080.9280480316
2026-05-29 17:30:00,976144.2635894092
2026-05-29 17:45:00,976821.9551312489
2026-05-29 18:00:00,976018.2872812364
2026-05-29 18:15:00,975834.176725938
2026-05-29 18:30:00,975874.4361148201
2026-05-29 18:45:00,975849.0210984718
2026-05-29 19:00:00,974428.8879940799
2026-05-29 19:15:00,973806.3516113338
2026-05-29 19:30:00,973333.5733195555
2026-05-29 19:45:00,974492.004847249
2026-05-29 20:00:00,975561.8429413707
2026-05-29 20:15:00,976361.7714660682
2026-05-29 20:30:00,976576.9162816487
2026-05-29 20:45:00,978008.0103926703
2026-05-29 21:00:00,978008.0103926703
2026-05-31 21:00:00,976296.3130204568
2026-05-31 21:15:00,975820.9356767749
2026-05-31 21:30:00,975835.9852581065
2026-05-31 21:45:00,976329.0728556574
2026-05-31 22:00:00,978340.65679328
2026-05-31 22:15:00,978066.4481756571
2026-05-31 22:30:00,978032.6344988914
2026-05-31 22:45:00,978260.3198057357
2026-05-31 23:00:00,978253.8521327158
2026-05-31 23:15:00,978247.5483911916
2026-05-31 23:30:00,979171.8345850601
2026-05-31 23:45:00,980086.9064684776
2026-06-01 00:00:00,980068.9810640984
2026-06-01 00:15:00,980077.767155286
2026-06-01 00:30:00,980082.488063872
2026-06-01 00:45:00,980095.3802940781
2026-06-01 01:00:00,980109.2053952371
2026-06-01 01:15:00,980116.8400401438
2026-06-01 01:30:00,980127.4908653278
2026-06-01 01:45:00,980128.5905856759
2026-06-01 02:00:00,980137.4840016232
2026-06-01 02:15:00,980130.5812126505
2026-06-01 02:30:00,980129.2209526483
2026-06-01 02:45:00,980127.2381243762
2026-06-01 03:00:00,980132.3883849158
2026-06-01 03:15:00,980125.2650577107
2026-06-01 03:30:00,980133.6237598489
2026-06-01 03:45:00,980116.557059377
2026-06-01 04:00:00,980119.0394808399
2026-06-01 04:15:00,980121.3482092001
2026-06-01 04:30:00,980121.5667845281
2026-06-01 04:45:00,980121.5667845281
2026-06-01 05:00:00,980120.7334396326
2026-06-01 05:15:00,980123.9750389456
2026-06-01 05:30:00,980128.8227955048
2026-06-01 05:45:00,980128.5768982607
2026-06-01 06:00:00,980121.8360778798
2026-06-01 06:15:00,980120.9071327355
2026-06-01 06:30:00,980124.429749911
2026-06-01 06:45:00,980078.2666955625
2026-06-01 07:00:00,980082.0235383855
2026-06-01 07:15:00,980086.5161100366
2026-06-01 07:30:00,980090.8291527866
2026-06-01 07:45:00,980076.5922599833
2026-06-01 08:00:00,980099.2444087467
2026-06-01 08:15:00,980106.8497688333
2026-06-01 08:30:00,980119.0891909542
2026-06-01 08:45:00,980119.3594922152
2026-06-01 09:00:00,980142.8567103851
2026-06-01 09:15:00,980135.581176195
2026-06-01 09:30:00,980133.7193600978
2026-06-01 09:45:00,980114.890369586
2026-06-01 10:00:00,980128.9984515118
2026-06-01 10:15:00,980128.4646926975
2026-06-01 10:30:00,980147.7354489743
2026-06-01 10:45:00,980147.7354489743
2026-06-01 11:00:00,980068.7122176206
2026-06-01 11:15:00,980419.1317367314
2026-06-01 11:30:00,978868.7908339984
2026-06-01 11:45:00,979442.2045925435
2026-06-01 12:00:00,979580.2486455265
2026-06-01 12:15:00,978210.4268890021
2026-06-01 12:30:00,979346.6356327857
2026-06-01 12:45:00,980440.3692833442
2026-06-01 13:00:00,977665.2437078786
2026-06-01 13:15:00,976707.0561839014
2026-06-01 13:30:00,972787.0205177474
2026-06-01 13:45:00,968052.2461297332
2026-06-01 14:00:00,967977.4074507924
2026-06-01 14:15:00,969066.4089071092
2026-06-01 14:30:00,970176.7191394597
2026-06-01 14:45:00,973273.5386860468
2026-06-01 15:00:00,972271.7976913679
2026-06-01 15:15:00,977295.8653429012
2026-06-01 15:30:00,977105.8461673832
2026-06-01 15:45:00,976670.6539378356
2026-06-01 16:00:00,974540.964706445
2026-06-01 16:15:00,976507.7668978812
2026-06-01 16:30:00,976739.2246326508
2026-06-01 16:45:00,981835.5252410488
2026-06-01 17:00:00,979779.7069141101
2026-06-01 17:15:00,981078.7395725483
2026-06-01 17:30:00,982005.0127033253
2026-06-01 17:45:00,981609.6289163147
2026-06-01 18:00:00,981293.4341493765
2026-06-01 18:15:00,980698.7311755079
2026-06-01 18:30:00,980375.8828004854
2026-06-01 18:45:00,979502.2273454259
2026-06-01 19:00:00,979604.378984013
2026-06-01 19:15:00,979862.1417018786
2026-06-01 19:30:00,979965.909333978
2026-06-01 19:45:00,980241.0305477517
2026-06-01 20:00:00,980078.1100031615
2026-06-01 20:15:00,979673.3779555853
2026-06-01 20:30:00,980209.4401678983
2026-06-01 20:45:00,979774.3958497205
2026-06-01 21:00:00,979183.8615588768
2026-06-01 21:15:00,979305.462808085
2026-06-01 21:30:00,979294.9965346192
2026-06-01 21:45:00,980674.3291543531
2026-06-01 22:00:00,979558.5739431166
2026-06-01 22:15:00,979307.5278018862
2026-06-01 22:30:00,979324.9609303765
2026-06-01 22:45:00,979811.0331063461
2026-06-01 23:00:00,979642.6318699584
2026-06-01 23:15:00,979728.2971788598
2026-06-01 23:30:00,979598.0573371242
2026-06-01 23:45:00,979555.3017693172
2026-06-02 00:00:00,979630.5198832008
2026-06-02 00:15:00,979311.470367429
2026-06-02 00:30:00,979093.9568197918
2026-06-02 00:45:00,978832.4688603181
2026-06-02 01:00:00,979154.706283155
2026-06-02 01:15:00,978816.9332148599
2026-06-02 01:30:00,978707.8275823161
2026-06-02 01:45:00,978476.1903962791
2026-06-02 02:00:00,978530.7948812618
2026-06-02 02:15:00,978633.7334043982
2026-06-02 02:30:00,978290.8712349172
2026-06-02 02:45:00,978287.993522212
2026-06-02 03:00:00,978553.5834151971
2026-06-02 03:15:00,978744.0119532294
2026-06-02 03:30:00,978606.7404323753
2026-06-02 03:45:00,978898.5509473499
2026-06-02 04:00:00,978734.7151792782
2026-06-02 04:15:00,978644.5188478683
2026-06-02 04:30:00,978824.1746214022
2026-06-02 04:45:00,978888.1820882413
2026-06-02 05:00:00,979037.1627054032
2026-06-02 05:15:00,979116.2598699898
2026-06-02 05:30:00,978861.901368185
2026-06-02 05:45:00,978622.86387629
2026-06-02 06:00:00,979470.3015796574
2026-06-02 06:15:00,979099.9676997928
2026-06-02 06:30:00,978879.6740846246
2026-06-02 06:45:00,978847.9816544686
2026-06-02 07:00:00,979798.7545591611
2026-06-02 07:15:00,979624.4461933017
2026-06-02 07:30:00,979196.5983861896
2026-06-02 07:45:00,979568.984440528
2026-06-02 08:00:00,980171.1406135
2026-06-02 08:15:00,979545.2151179104
2026-06-02 08:30:00,979719.5234837707
2026-06-02 08:45:00,979957.2167099443
2026-06-02 09:00:00,980575.219097995
2026-06-02 09:15:00,980717.8350336987
2026-06-02 09:30:00,980464.2955924473
2026-06-02 09:45:00,980083.9864305699
2026-06-02 10:00:00,980155.294398422
2026-06-02 10:15:00,980464.2955924473
2026-06-02 10:30:00,980242.448581352
2026-06-02 10:45:00,980179.0637210392
2026-06-02 11:00:00,980107.9509451343
2026-06-02 11:15:00,979682.0876329667
2026-06-02 11:30:00,979720.4373387368
2026-06-02 11:45:00,980861.9722465328
2026-06-02 12:00:00,981036.2806123929
2026-06-02 12:15:00,979990.4304172307
2026-06-02 12:30:00,979919.1224493787
2026-06-02 12:45:00,979958.7379870747
2026-06-02 13:00:00,980378.600877675
2026-06-02 13:15:00,980766.2846564236
2026-06-02 13:30:00,980020.6598045928
2026-06-02 13:45:00,980718.7460111879
2026-06-02 14:00:00,982240.5711589003
2026-06-02 14:15:00,982949.4552235287
2026-06-02 14:30:00,981855.8527696691
2026-06-02 14:45:00,982978.5310976213
2026-06-02 15:00:00,982388.769488187
2026-06-02 15:15:00,983640.9672962051
2026-06-02 15:30:00,982344.6742360693
2026-06-02 15:45:00,981728.7321029934
2026-06-02 16:00:00,982494.5196456357
2026-06-02 16:15:00,984209.7052132508
2026-06-02 16:30:00,985589.7131924107
2026-06-02 16:45:00,986338.2755110431
2026-06-02 17:00:00,987582.5717491198
2026-06-02 17:15:00,986909.7909189442
2026-06-02 17:30:00,987550.5345667303
2026-06-02 17:45:00,987772.230557756
2026-06-02 18:00:00,987772.230557756
2026-06-02 18:15:00,987772.230557756
2026-06-02 18:30:00,987772.230557756
2026-06-02 18:45:00,987772.230557756
2026-06-02 19:00:00,987772.230557756
2026-06-02 19:15:00,987772.230557756
2026-06-02 19:30:00,987772.230557756
2026-06-02 19:45:00,987772.230557756
2026-06-02 20:00:00,987772.230557756
2026-06-02 20:15:00,987772.230557756
2026-06-02 20:30:00,987772.230557756
2026-06-02 20:45:00,987772.230557756
2026-06-02 21:00:00,987772.230557756
2026-06-02 21:15:00,987772.230557756
2026-06-02 21:30:00,987772.230557756
2026-06-02 21:45:00,987772.230557756
2026-06-02 22:00:00,987772.230557756
2026-06-02 22:15:00,987772.230557756
2026-06-02 22:30:00,987772.230557756
2026-06-02 22:45:00,987772.230557756
2026-06-02 23:00:00,987772.230557756
2026-06-02 23:15:00,987772.230557756
2026-06-02 23:30:00,987772.230557756
2026-06-02 23:45:00,987772.230557756
2026-06-03 00:00:00,987772.230557756
2026-06-03 00:15:00,987772.230557756
2026-06-03 00:30:00,987772.230557756
2026-06-03 00:45:00,987772.230557756
2026-06-03 01:00:00,987772.230557756
2026-06-03 01:15:00,987772.230557756
2026-06-03 01:30:00,987772.230557756
2026-06-03 01:45:00,987768.4531189195
2026-06-03 02:00:00,987755.1973755729
2026-06-03 02:15:00,987759.8175831581
2026-06-03 02:30:00,987768.4753812734
2026-06-03 02:45:00,987787.1131309822
2026-06-03 03:00:00,987797.5703609673
2026-06-03 03:15:00,987787.6203525731
2026-06-03 03:30:00,987784.6386579723
2026-06-03 03:45:00,987778.8717835415
2026-06-03 04:00:00,987776.2054109817
2026-06-03 04:15:00,987776.2304303906
2026-06-03 04:30:00,987773.8583343357
2026-06-03 04:45:00,987773.817563768
2026-06-03 05:00:00,987770.8993430409
2026-06-03 05:15:00,987782.3276025427
2026-06-03 05:30:00,987739.7941205347
2026-06-03 05:45:00,986914.4975845364
2026-06-03 06:00:00,985529.0120131538
2026-06-03 06:15:00,984603.1950153718
2026-06-03 06:30:00,984491.0661169859
2026-06-03 06:45:00,987100.4765929836
2026-06-03 07:00:00,986722.5955581405
2026-06-03 07:15:00,984495.1694643794
2026-06-03 07:30:00,986428.6011980465
2026-06-03 07:45:00,984143.5241196348
2026-06-03 08:00:00,981068.078135415
2026-06-03 08:15:00,981429.0519116002
2026-06-03 08:30:00,979255.1816994031
2026-06-03 08:45:00,979327.6907766453
2026-06-03 09:00:00,983150.5910188212
2026-06-03 09:15:00,983609.9643545608
2026-06-03 09:30:00,984097.3324183709
2026-06-03 09:45:00,982490.46406172
2026-06-03 10:00:00,984801.2422374968
2026-06-03 10:15:00,984711.5721325823
2026-06-03 10:30:00,985501.8181347618
2026-06-03 10:45:00,984669.5813095586
2026-06-03 11:00:00,986406.60520882
2026-06-03 11:15:00,986392.5086805042
2026-06-03 11:30:00,985571.36584939
2026-06-03 11:45:00,985507.2994870221
2026-06-03 12:00:00,983504.36930051
2026-06-03 12:15:00,980616.2983634261
2026-06-03 12:30:00,977979.4693539522
2026-06-03 12:45:00,975834.7323570611
2026-06-03 13:00:00,976427.5708360537
2026-06-03 13:15:00,976978.7039748785
2026-06-03 13:30:00,975393.4647773389
2026-06-03 13:45:00,974742.4148548809
2026-06-03 14:00:00,977500.8383332734
2026-06-03 14:15:00,977300.6032792679
2026-06-03 14:30:00,972554.9340551365
2026-06-03 14:45:00,978061.4264405996
2026-06-03 15:00:00,974592.7991217939
2026-06-03 15:15:00,976026.9892349408
2026-06-03 15:30:00,975972.0737584053
2026-06-03 15:45:00,973215.2212630885
2026-06-03 16:00:00,969336.8241683897
2026-06-03 16:15:00,969193.7269853338
2026-06-03 16:30:00,967204.389873915
2026-06-03 16:45:00,969196.9541697943
2026-06-03 17:00:00,970241.6066388702
2026-06-03 17:15:00,967878.769949476
2026-06-03 17:30:00,968331.1314610573
2026-06-03 17:45:00,968015.9916589109
2026-06-03 18:00:00,966200.3701714873
2026-06-03 18:15:00,967042.1172599756
2026-06-03 18:30:00,967502.4269393235
2026-06-03 18:45:00,968062.5752166233
2026-06-03 19:00:00,967806.9974246648
2026-06-03 19:15:00,968478.7086071462
2026-06-03 19:30:00,968993.099777283
2026-06-03 19:45:00,969114.239844662
2026-06-03 20:00:00,969834.8983433818
2026-06-03 20:15:00,968864.5534620528
2026-06-03 20:30:00,968643.3052028215
2026-06-03 20:45:00,968437.3313067436
2026-06-03 21:00:00,969311.5762540848
2026-06-03 21:15:00,968722.103956767
2026-06-03 21:30:00,969246.8234234349
2026-06-03 21:45:00,969148.7902938547
2026-06-03 22:00:00,966152.2104636275
2026-06-03 22:15:00,966663.3707157352
2026-06-03 22:30:00,966222.6805990381
2026-06-03 22:45:00,970058.1879241844
2026-06-03 23:00:00,969477.2005462473
2026-06-03 23:15:00,969333.2680107716
2026-06-03 23:30:00,969953.896001981
2026-06-03 23:45:00,971598.6294787299
2026-06-04 00:00:00,972176.5113657911
2026-06-04 00:15:00,972363.5990298087
2026-06-04 00:30:00,973318.9325400788
2026-06-04 00:45:00,971368.7797736084
2026-06-04 01:00:00,970936.1075393122
2026-06-04 01:15:00,970590.7423836659
2026-06-04 01:30:00,970441.0752397996
2026-06-04 01:45:00,971132.110185532
2026-06-04 02:00:00,969795.484298199
2026-06-04 02:15:00,969239.5777638366
2026-06-04 02:30:00,969854.5830049755
2026-06-04 02:45:00,970581.2480060504
2026-06-04 03:00:00,968255.4415495464
2026-06-04 03:15:00,967646.6693275821
2026-06-04 03:30:00,967756.5460910787
2026-06-04 03:45:00,969407.0599353748
2026-06-04 04:00:00,968936.6774832228
2026-06-04 04:15:00,969198.5987191729
2026-06-04 04:30:00,970402.4901261498
2026-06-04 04:45:00,970199.3704309019
2026-06-04 05:00:00,969461.7252218433
2026-06-04 05:15:00,969087.5573621773
2026-06-04 05:30:00,969397.5821601867
2026-06-04 05:45:00,970071.084307588
2026-06-04 06:00:00,969739.6784890254
2026-06-04 06:15:00,969606.7660394686
2026-06-04 06:30:00,969606.7660394686
2026-06-04 06:45:00,969606.7660394686
2026-06-04 07:00:00,969606.7660394686
2026-06-04 07:15:00,969606.7660394686
2026-06-04 07:30:00,969523.0395166717
2026-06-04 07:45:00,970385.4999484081
2026-06-04 08:00:00,970573.6731335141
2026-06-04 08:15:00,971336.7409928851
2026-06-04 08:30:00,971336.7409928851
2026-06-04 08:45:00,971336.7409928851
2026-06-04 09:00:00,971270.1599491623
2026-06-04 09:15:00,970301.5052287835
2026-06-04 09:30:00,970235.0203902203
2026-06-04 09:45:00,970168.5414860785
2026-06-04 10:00:00,970102.073360227
2026-06-04 10:15:00,970059.0930132403
2026-06-04 10:30:00,969992.6518371417
2026-06-04 10:45:00,970356.5348868797
2026-06-04 11:00:00,970217.0300642999
2026-06-04 11:15:00,967605.0614089175
2026-06-04 11:30:00,966950.7379866432
2026-06-04 11:45:00,968174.310952992
2026-06-04 12:00:00,968489.5873560344
2026-06-04 12:15:00,968028.1878738217
2026-06-04 12:30:00,967451.072180878
2026-06-04 12:45:00,968174.9117152402
2026-06-04 13:00:00,969278.5916219311
2026-06-04 13:15:00,968554.8562650701
2026-06-04 13:30:00,967725.8442161473
2026-06-04 13:45:00,968495.7811665962
2026-06-04 14:00:00,969968.9536053931
2026-06-04 14:15:00,971050.7018298737
2026-06-04 14:30:00,970997.8424137259
2026-06-04 14:45:00,970309.2767899858
2026-06-04 15:00:00,972790.649191938
2026-06-04 15:15:00,974037.0124385898
2026-06-04 15:30:00,974408.7764748648
2026-06-04 15:45:00,973654.3217039213
2026-06-04 16:00:00,974176.7686842788
2026-06-04 16:15:00,973933.5296229922
2026-06-04 16:30:00,973946.8096585168
2026-06-04 16:45:00,974915.4138643143
2026-06-04 17:00:00,975153.1819324561
2026-06-04 17:15:00,975254.5334347051
2026-06-04 17:30:00,975369.8912524368
2026-06-04 17:45:00,975196.0213958812
2026-06-04 18:00:00,975496.0921119986
2026-06-04 18:15:00,976160.3074333201
2026-06-04 18:30:00,975904.8211716131
2026-06-04 18:45:00,975967.0461535885
2026-06-04 19:00:00,976714.5213182983
2026-06-04 19:15:00,976585.2020451623
2026-06-04 19:30:00,976938.5517998028
2026-06-04 19:45:00,976938.7002825497
2026-06-04 20:00:00,976934.9807233841
2026-06-04 20:15:00,976934.4613836296
2026-06-04 20:30:00,976931.0495458082
2026-06-04 20:45:00,976929.5925409243
2026-06-04 21:00:00,976936.2684335398
2026-06-04 21:15:00,976942.6742502874
2026-06-04 21:30:00,976927.855170802
2026-06-04 21:45:00,976946.6105725485
2026-06-04 22:00:00,976933.9637888158
2026-06-04 22:15:00,976939.8659331048
2026-06-04 22:30:00,976938.7849299138
2026-06-04 22:45:00,976938.9757363427
2026-06-04 23:00:00,976938.4566298281
2026-06-04 23:15:00,976941.7255960676
2026-06-04 23:30:00,976940.5281444411
2026-06-04 23:45:00,976943.0977203476
2026-06-05 00:00:00,976953.3601234377
2026-06-05 00:15:00,976952.9841217448
2026-06-05 00:30:00,976947.1030226769
2026-06-05 00:45:00,976941.6460933889
2026-06-05 01:00:00,976950.2183614841
2026-06-05 01:15:00,976954.9389546823
2026-06-05 01:30:00,976949.5192043909
2026-06-05 01:45:00,976944.3164504351
2026-06-05 02:00:00,976941.6358040182
2026-06-05 02:15:00,976937.3988181084
2026-06-05 02:30:00,976937.3988181084
2026-06-05 02:45:00,976937.3988181084
2026-06-05 03:00:00,976937.3988181084
2026-06-05 03:15:00,976937.3988181084
2026-06-05 03:30:00,976937.3988181084
2026-06-05 03:45:00,976937.3988181084
2026-06-05 04:00:00,976937.3988181084
2026-06-05 04:15:00,976937.3988181084
2026-06-05 04:30:00,976937.3988181084
2026-06-05 04:45:00,976937.3988181084
2026-06-05 05:00:00,976937.3988181084
2026-06-05 05:15:00,976937.3988181084
2026-06-05 05:30:00,976937.3988181084
2026-06-05 05:45:00,976937.3988181084
2026-06-05 06:00:00,976937.3988181084
2026-06-05 06:15:00,976937.3988181084
2026-06-05 06:30:00,976937.3988181084
2026-06-05 06:45:00,976937.3988181084
2026-06-05 07:00:00,976937.3988181084
2026-06-05 07:15:00,976937.3988181084
2026-06-05 07:30:00,976858.7355216392
2026-06-05 07:45:00,977154.2122130326
2026-06-05 08:00:00,976331.3267855843
2026-06-05 08:15:00,977028.2458027393
2026-06-05 08:30:00,977400.4455321338
2026-06-05 08:45:00,977669.2815595918
2026-06-05 09:00:00,975387.4430498604
2026-06-05 09:15:00,975710.7797975594
2026-06-05 09:30:00,975863.950825373
2026-06-05 09:45:00,974466.5358062647
2026-06-05 10:00:00,973338.6235733919
2026-06-05 10:15:00,970971.6345313338
2026-06-05 10:30:00,971757.2352856781
2026-06-05 10:45:00,973064.3572148768
2026-06-05 11:00:00,976568.2867051691
2026-06-05 11:15:00,974389.8160721196
2026-06-05 11:30:00,976457.9118253681
2026-06-05 11:45:00,975783.8794114536
2026-06-05 12:00:00,976028.8197728673
2026-06-05 12:15:00,978259.7238537915
2026-06-05 12:30:00,988897.9642307268
2026-06-05 12:45:00,997829.6766371605
2026-06-05 13:00:00,997144.7593436152
2026-06-05 13:15:00,998914.7956498612
2026-06-05 13:30:00,1002119.0922778839
2026-06-05 13:45:00,1003925.5949335763
2026-06-05 14:00:00,1007676.8566962522
2026-06-05 14:15:00,1010188.701712694
2026-06-05 14:30:00,1010002.8355936444
2026-06-05 14:45:00,1007255.5442266763
2026-06-05 15:00:00,1012192.36107884
2026-06-05 15:15:00,1012279.2959727013
2026-06-05 15:30:00,1014572.8245904743
2026-06-05 15:45:00,1017061.5968117913
2026-06-05 16:00:00,1019265.6908492075
2026-06-05 16:15:00,1018352.228129138
2026-06-05 16:30:00,1018932.0220829814
2026-06-05 16:45:00,1016594.0035217215
2026-06-05 17:00:00,1016838.8973608885
2026-06-05 17:15:00,1018417.698928519
2026-06-05 17:30:00,1019850.4900848601
2026-06-05 17:45:00,1019271.7396486835
2026-06-05 18:00:00,1021052.8508857859
2026-06-05 18:15:00,1021209.2804954612
2026-06-05 18:30:00,1022436.3715210425
2026-06-05 18:45:00,1021879.1297113121
2026-06-05 19:00:00,1022834.2345192747
2026-06-05 19:15:00,1022801.2601958356
2026-06-05 19:30:00,1022072.3713005269
2026-06-05 19:45:00,1022156.5586761015
2026-06-05 20:00:00,1023274.779703994
2026-06-05 20:15:00,1022584.7439434299
2026-06-05 20:30:00,1022123.1102992699
2026-06-05 20:45:00,1022198.1556246649
2026-06-05 21:00:00,1022198.1556246649
2026-06-07 21:00:00,1026587.0941308921
2026-06-07 21:15:00,1026658.4169461055
2026-06-07 21:30:00,1027798.0427278968
2026-06-07 21:45:00,1026968.9930607454
2026-06-07 22:00:00,1023021.2978098837
2026-06-07 22:15:00,1023685.7030107757
2026-06-07 22:30:00,1023497.9048026251
2026-06-07 22:45:00,1023223.1509566515
2026-06-07 23:00:00,1022666.9739528089
2026-06-07 23:15:00,1022502.611121191
2026-06-07 23:30:00,1021007.5729149628
2026-06-07 23:45:00,1020159.1988165252
2026-06-08 00:00:00,1019868.8723181781
2026-06-08 00:15:00,1020360.7419792126
2026-06-08 00:30:00,1018418.6917730707
2026-06-08 00:45:00,1016329.2557583083
2026-06-08 01:00:00,1017733.3593172771
2026-06-08 01:15:00,1021667.4859121488
2026-06-08 01:30:00,1019760.9898270138
2026-06-08 01:45:00,1018559.5922003506
2026-06-08 02:00:00,1019114.96071829
2026-06-08 02:15:00,1017539.2071193364
2026-06-08 02:30:00,1017100.5106352804
2026-06-08 02:45:00,1016759.7103845021
2026-06-08 03:00:00,1016944.1173547716
2026-06-08 03:15:00,1017148.1269453639
2026-06-08 03:30:00,1016701.9528693096
2026-06-08 03:45:00,1016349.6481556912
2026-06-08 04:00:00,1017069.2880311682
2026-06-08 04:15:00,1016012.8270570469
2026-06-08 04:30:00,1017232.1295607279
2026-06-08 04:45:00,1017230.2771555956
2026-06-08 05:00:00,1017463.5978369211
2026-06-08 05:15:00,1017431.1431077652
2026-06-08 05:30:00,1019646.3484422921
2026-06-08 05:45:00,1023154.2620873417
2026-06-08 06:00:00,1023726.2442490087
2026-06-08 06:15:00,1020663.180679327
2026-06-08 06:30:00,1024258.2940895208
2026-06-08 06:45:00,1025476.7112094985
2026-06-08 07:00:00,1022928.6522800555
2026-06-08 07:15:00,1022471.8897144445
2026-06-08 07:30:00,1021374.7205049009
2026-06-08 07:45:00,1023645.3976686391
2026-06-08 08:00:00,1023639.4353537166
2026-06-08 08:15:00,1023144.160021217
2026-06-08 08:30:00,1024125.3600878222
2026-06-08 08:45:00,1024792.213485528
2026-06-08 09:00:00,1025521.3498375969
2026-06-08 09:15:00,1024638.1705942459
2026-06-08 09:30:00,1025028.4125854943
2026-06-08 09:45:00,1025675.3927288783
2026-06-08 10:00:00,1026332.6423983489
2026-06-08 10:15:00,1026168.3299809815
2026-06-08 10:30:00,1026915.3346554487
2026-06-08 10:45:00,1026915.3346554487
2026-06-08 11:00:00,1026915.3346554487
2026-06-08 11:15:00,1026915.3346554487
2026-06-08 11:30:00,1026915.3346554487
2026-06-08 11:45:00,1026915.3346554487
2026-06-08 12:00:00,1026915.3346554487
2026-06-08 12:15:00,1026915.3346554487
2026-06-08 12:30:00,1026915.3346554487
2026-06-08 12:45:00,1026911.6470609454
2026-06-08 13:00:00,1026933.4345065422
2026-06-08 13:15:00,1026912.3972948393
2026-06-08 13:30:00,1026920.2698596908
2026-06-08 13:45:00,1026922.5795939409
2026-06-08 14:00:00,1026922.2408747418
2026-06-08 14:15:00,1026912.4782504603
2026-06-08 14:30:00,1026920.7860986148
2026-06-08 14:45:00,1026859.1437143284
2026-06-08 15:00:00,1026864.6590077138
2026-06-08 15:15:00,1026877.5751849
2026-06-08 15:30:00,1026876.8754675653
2026-06-08 15:45:00,1026868.5865631205
2026-06-08 16:00:00,1026866.3117369468
2026-06-08 16:15:00,1026874.8665650949
2026-06-08 16:30:00,1026877.3044362982
2026-06-08 16:45:00,1026891.9286841749
2026-06-08 17:00:00,1026823.1695893408
2026-06-08 17:15:00,1027010.8005575457
2026-06-08 17:30:00,1026867.3180524478
2026-06-08 17:45:00,1027606.8048094895
2026-06-08 18:00:00,1028489.774071629
2026-06-08 18:15:00,1028500.8111874053
2026-06-08 18:30:00,1027948.9553985684
2026-06-08 18:45:00,1026944.5778628848
2026-06-08 19:00:00,1027209.4686415266
2026-06-08 19:15:00,1027485.3965359451
2026-06-08 19:30:00,1026944.5778628848
2026-06-08 19:45:00,1027816.5100092477
2026-06-08 20:00:00,1027860.658472355
2026-06-08 20:15:00,1028147.62348255
2026-06-08 20:30:00,1027308.8026835171
2026-06-08 20:45:00,1027695.1017357033
2026-06-08 21:00:00,1028478.736955852
2026-06-08 21:15:00,1025270.1485845421
2026-06-08 21:30:00,1025270.1485845421
2026-06-08 21:45:00,1025270.1485845421
2026-06-08 22:00:00,1025270.1485845421
2026-06-08 22:15:00,1025270.1485845421
2026-06-08 22:30:00,1025270.1485845421
2026-06-08 22:45:00,1025270.1485845421
2026-06-08 23:00:00,1025270.1485845421
2026-06-08 23:15:00,1025270.1485845421
2026-06-08 23:30:00,1025270.1485845421
2026-06-08 23:45:00,1025270.1485845421
2026-06-09 00:00:00,1025270.1485845421
2026-06-09 00:15:00,1025270.1485845421
2026-06-09 00:30:00,1025270.1485845421
2026-06-09 00:45:00,1025270.1485845421
2026-06-09 01:00:00,1025270.1485845421
2026-06-09 01:15:00,1025270.1485845421
2026-06-09 01:30:00,1025270.1485845421
2026-06-09 01:45:00,1025270.1485845421
2026-06-09 02:00:00,1025270.1485845421
2026-06-09 02:15:00,1025270.1485845421
2026-06-09 02:30:00,1025270.1485845421
2026-06-09 02:45:00,1025270.1485845421
2026-06-09 03:00:00,1025270.1485845421
2026-06-09 03:15:00,1025270.1485845421
2026-06-09 03:30:00,1025270.1485845421
2026-06-09 03:45:00,1025270.1485845421
2026-06-09 04:00:00,1025270.1485845421
2026-06-09 04:15:00,1025270.1485845421
2026-06-09 04:30:00,1025270.1485845421
2026-06-09 04:45:00,1025270.1485845421
2026-06-09 05:00:00,1025270.1485845421
2026-06-09 05:15:00,1025270.1485845421
2026-06-09 05:30:00,1025270.1485845421
2026-06-09 05:45:00,1025270.1485845421
2026-06-09 06:00:00,1025190.5241322902
2026-06-09 06:15:00,1025559.1378587494
2026-06-09 06:30:00,1026491.5137550889
2026-06-09 06:45:00,1026968.5432834486
2026-06-09 07:00:00,1027619.0380948478
2026-06-09 07:15:00,1026426.4642739489
2026-06-09 07:30:00,1025862.7021040695
2026-06-09 07:45:00,1026074.0504774399
2026-06-09 08:00:00,1025243.6855875445
2026-06-09 08:15:00,1024280.6120640058
2026-06-09 08:30:00,1023924.8782499239
2026-06-09 08:45:00,1023332.1726048652
2026-06-09 09:00:00,1022065.0520287114
2026-06-09 09:15:00,1021920.8281971967
2026-06-09 09:30:00,1021761.9053134813
2026-06-09 09:45:00,1020578.33721158
2026-06-09 10:00:00,1019710.5979263864
2026-06-09 10:15:00,1018259.7607723078
2026-06-09 10:30:00,1017266.0861601111
2026-06-09 10:45:00,1018308.0092242784
2026-06-09 11:00:00,1017300.0780473362
2026-06-09 11:15:00,1015674.3666999796
2026-06-09 11:30:00,1016956.29284118
2026-06-09 11:45:00,1013458.0488991279
2026-06-09 12:00:00,1013956.5785000994
2026-06-09 12:15:00,1014996.6717605244
2026-06-09 12:30:00,1012670.1336634532
2026-06-09 12:45:00,1012492.171613128
2026-06-09 13:00:00,1011641.9107872524
2026-06-09 13:15:00,1014504.0932862355
2026-06-09 13:30:00,1018824.267866114
2026-06-09 13:45:00,1019104.9778027388
2026-06-09 14:00:00,1021046.4173679482
2026-06-09 14:15:00,1021244.0343552144
2026-06-09 14:30:00,1020802.5150762007
2026-06-09 14:45:00,1020379.3255026591
2026-06-09 15:00:00,1019252.1464971198
2026-06-09 15:15:00,1023441.8590064333
2026-06-09 15:30:00,1024612.88924751
2026-06-09 15:45:00,1024814.8961508222
2026-06-09 16:00:00,1027360.5520706632
2026-06-09 16:15:00,1028399.7442477425
2026-06-09 16:30:00,1031406.7592414386
2026-06-09 16:45:00,1030775.4796535509
2026-06-09 17:00:00,1030641.725752388
2026-06-09 17:15:00,1031075.8432184701
2026-06-09 17:30:00,1031782.4061656883
2026-06-09 17:45:00,1031658.6252528479
2026-06-09 18:00:00,1032056.5436720141
2026-06-09 18:15:00,1031184.4820618683
2026-06-09 18:30:00,1030645.6817734928
2026-06-09 18:45:00,1031198.6374267567
2026-06-09 19:00:00,1031068.212222778
2026-06-09 19:15:00,1031620.7743718853
2026-06-09 19:30:00,1032574.5262862382
2026-06-09 19:45:00,1033372.299458895
2026-06-09 20:00:00,1033626.0233591002
2026-06-09 20:15:00,1033874.2195956015
2026-06-09 20:30:00,1033445.6333429699
2026-06-09 20:45:00,1034069.6449722527
2026-06-09 21:00:00,1033732.3410708891
2026-06-09 21:15:00,1032481.9976360404
2026-06-09 21:30:00,1032492.2150295844
2026-06-09 21:45:00,1032483.9798917591
2026-06-09 22:00:00,1032493.8466789975
2026-06-09 22:15:00,1032485.9252989374
2026-06-09 22:30:00,1032498.5365043893
2026-06-09 22:45:00,1032500.1484740757
2026-06-09 23:00:00,1032493.3201555704
2026-06-09 23:15:00,1032501.8334855958
2026-06-09 23:30:00,1032496.0201099479
2026-06-09 23:45:00,1032509.6418091217
2026-06-10 00:00:00,1032488.1914514481
2026-06-10 00:15:00,1032487.7760738515
2026-06-10 00:30:00,1032506.3111730538
2026-06-10 00:45:00,1032480.0692656176
2026-06-10 01:00:00,1032480.0692656176
2026-06-10 01:15:00,1032480.0692656176
2026-06-10 01:30:00,1032480.0692656176
2026-06-10 01:45:00,1032480.0692656176
2026-06-10 02:00:00,1032480.0692656176
2026-06-10 02:15:00,1032480.0692656176
2026-06-10 02:30:00,1032480.0692656176
2026-06-10 02:45:00,1032480.0692656176
2026-06-10 03:00:00,1032480.0692656176
2026-06-10 03:15:00,1032480.0692656176
2026-06-10 03:30:00,1032480.0692656176
2026-06-10 03:45:00,1032480.0692656176
2026-06-10 04:00:00,1032480.0692656176
2026-06-10 04:15:00,1032477.2125475679
2026-06-10 04:30:00,1032481.3731087274
2026-06-10 04:45:00,1032479.942406427
2026-06-10 05:00:00,1032480.7137499338
2026-06-10 05:15:00,1032481.8536492939
2026-06-10 05:30:00,1032482.5875008292
2026-06-10 05:45:00,1032482.3309296889
2026-06-10 06:00:00,1032480.7637913899
2026-06-10 06:15:00,1032471.216866369
2026-06-10 06:30:00,1032472.5127627564
2026-06-10 06:45:00,1032489.9926932142
2026-06-10 07:00:00,1032499.2276241805
2026-06-10 07:15:00,1032495.763913786
2026-06-10 07:30:00,1032493.3069269243
2026-06-10 07:45:00,1032484.2715140985
2026-06-10 08:00:00,1032485.0836097479
2026-06-10 08:15:00,1032479.2422954906
2026-06-10 08:30:00,1032466.0968541623
2026-06-10 08:45:00,1032505.7038459459
2026-06-10 09:00:00,1032513.6009894973
2026-06-10 09:15:00,1032496.803239033
2026-06-10 09:30:00,1032405.800550093
2026-06-10 09:45:00,1032054.979374935
2026-06-10 10:00:00,1032342.9037923181
2026-06-10 10:15:00,1032108.2592724394
2026-06-10 10:30:00,1032856.521922776
2026-06-10 10:45:00,1033162.2955622956
2026-06-10 11:00:00,1034098.4693791874
2026-06-10 11:15:00,1035115.3127203988
2026-06-10 11:30:00,1035771.2885890331
2026-06-10 11:45:00,1035760.9703205056
2026-06-10 12:00:00,1035756.681473776
2026-06-10 12:15:00,1035764.954262966
2026-06-10 12:30:00,1035782.7332250341
2026-06-10 12:45:00,1035781.9167303283
2026-06-10 13:00:00,1035783.0272881457
2026-06-10 13:15:00,1035690.5778559368
2026-06-10 13:30:00,1033571.896564568
2026-06-10 13:45:00,1039123.6265895516
2026-06-10 14:00:00,1038861.40671784
2026-06-10 14:15:00,1043064.9114981734
2026-06-10 14:30:00,1042628.8414665523
2026-06-10 14:45:00,1044654.7275474645
2026-06-10 15:00:00,1047310.8305217903
2026-06-10 15:15:00,1046045.0417554871
2026-06-10 15:30:00,1047920.9304812746
2026-06-10 15:45:00,1048625.7284773013
2026-06-10 16:00:00,1046039.2224136321
2026-06-10 16:15:00,1045231.3414612188
2026-06-10 16:30:00,1045974.5696132381
2026-06-10 16:45:00,1047656.8666623452
2026-06-10 17:00:00,1049247.8211639123
2026-06-10 17:15:00,1049764.1738133808
2026-06-10 17:30:00,1050682.3286120098
2026-06-10 17:45:00,1048100.7826810168
2026-06-10 18:00:00,1048279.3845943876
2026-06-10 18:15:00,1049582.7519074066
2026-06-10 18:30:00,1050584.6372187457
2026-06-10 18:45:00,1050810.5635687923
2026-06-10 19:00:00,1051681.360900977
2026-06-10 19:15:00,1051472.034619202
2026-06-10 19:30:00,1050919.4132353158
2026-06-10 19:45:00,1051722.4265824172
2026-06-10 20:00:00,1051722.4265824172
2026-06-10 20:15:00,1051722.4265824172
2026-06-10 20:30:00,1051722.4265824172
2026-06-10 20:45:00,1051722.4265824172
2026-06-10 21:00:00,1051722.4265824172
2026-06-10 21:15:00,1051722.4265824172
2026-06-10 21:30:00,1051722.4265824172
2026-06-10 21:45:00,1051722.4265824172
2026-06-10 22:00:00,1051665.5116677508
2026-06-10 22:15:00,1051787.3418476915
2026-06-10 22:30:00,1052673.3795199958
2026-06-10 22:45:00,1051300.0211279257
2026-06-10 23:00:00,1050203.5495084499
2026-06-10 23:15:00,1052706.6059327074
2026-06-10 23:30:00,1052972.4172343982
2026-06-10 23:45:00,1052573.7002818617
